-- phpMyAdmin SQL Dump
-- version 3.1.3
-- http://www.phpmyadmin.net
--
-- Servidor: localhost
-- Tiempo de generación: 25-05-2017 a las 19:31:57
-- Versión del servidor: 5.1.32
-- Versión de PHP: 5.2.9-1

SET SQL_MODE="NO_AUTO_VALUE_ON_ZERO";

--
-- Base de datos: `cdec_manager`
--

-- --------------------------------------------------------

--
-- Estructura de tabla para la tabla `archivo`
--

CREATE TABLE IF NOT EXISTS `archivo` (
  `id` int(11) NOT NULL AUTO_INCREMENT,
  `nombre` text NOT NULL,
  `fecha` datetime NOT NULL,
  PRIMARY KEY (`id`)
) ENGINE=MyISAM  DEFAULT CHARSET=latin1 AUTO_INCREMENT=95 ;

--
-- Volcar la base de datos para la tabla `archivo`
--

INSERT INTO `archivo` (`id`, `nombre`, `fecha`) VALUES
(3, 'Recaudacion IT 2016-11.csv', '2017-05-16 07:22:12'),
(2, 'Recaudacion IT 2016-06.csv', '2017-05-16 06:59:10'),
(4, 'Recaudacion IT 2016-09.csv', '2017-05-16 07:23:16'),
(5, 'Recaudacion IT 2016-07.csv', '2017-05-17 11:14:05'),
(7, 'Potencia2016-01.csv', '2017-05-17 11:25:14'),
(9, 'Potencia2016-02.csv', '2017-05-17 11:35:18'),
(10, 'ServComplement 2016-03.csv', '2017-05-17 12:39:37'),
(11, 'ServComplement 2016-04.csv', '2017-05-17 12:40:05'),
(12, 'ServComplement 2016-05.csv', '2017-05-17 12:40:19'),
(13, 'ServComplement 2016-06.csv', '2017-05-17 12:40:57'),
(14, 'ServComplement 2016-07.csv', '2017-05-17 12:41:08'),
(15, 'ServComplement 2016-08.csv', '2017-05-17 12:41:22'),
(16, 'ServComplement 2016-09.csv', '2017-05-17 12:41:37'),
(17, 'ServComplement 2016-10.csv', '2017-05-17 12:41:49'),
(18, 'ServComplement 2016-11.csv', '2017-05-17 12:42:04'),
(19, 'ServComplement 2016-12.csv', '2017-05-17 12:46:23'),
(20, 'Reliquidacion IT 2016-03.csv', '2017-05-17 01:01:48'),
(21, 'Reliquidacion IT 2016-06.csv', '2017-05-17 01:02:07'),
(22, 'Reliquidacion IT 2016-07.csv', '2017-05-17 01:02:57'),
(23, 'Reliquidacion IT 2016-08.csv', '2017-05-17 01:03:09'),
(24, 'Reliquidacion IT 2016-09.csv', '2017-05-17 01:03:27'),
(25, 'Reliquidacion IT 2016-10.csv', '2017-05-17 01:03:39'),
(26, 'Reliquidacion IT 2016-11.csv', '2017-05-17 01:03:56'),
(27, 'Reliquidacion IT 2016-12.csv', '2017-05-17 01:04:08'),
(28, 'Regulacion Frecuencia 2016-01.csv', '2017-05-17 01:17:35'),
(29, 'Regulacion Frecuencia 2016-02.csv', '2017-05-17 01:18:11'),
(30, 'SubTransmision 2016-01.csv', '2017-05-17 01:21:30'),
(31, 'SubTransmision 2016-02.csv', '2017-05-17 01:21:45'),
(32, 'SubTransmision 2016-03.csv', '2017-05-17 01:21:55'),
(33, 'SubTransmision 2016-04.csv', '2017-05-17 01:22:07'),
(34, 'SubTransmision 2016-06.csv', '2017-05-17 01:22:29'),
(35, 'SubTransmision 2016-05.csv', '2017-05-17 01:22:41'),
(36, 'SubTransmision 2016-07.csv', '2017-05-17 01:22:51'),
(37, 'SubTransmision 2016-08.csv', '2017-05-17 01:23:04'),
(38, 'SubTransmision 2016-09.csv', '2017-05-17 01:23:16'),
(39, 'SubTransmision 2016-10.csv', '2017-05-17 01:24:31'),
(40, 'SubTransmision 2016-11.csv', '2017-05-17 01:24:56'),
(41, 'SubTransmision 2016-12.csv', '2017-05-17 01:25:06'),
(42, 'Presupuesto 2016-03.csv', '2017-05-17 01:53:14'),
(73, 'SubTransmision Distrib 2016-01.csv', '2017-05-18 12:20:23'),
(44, 'Presupuesto 2016-05.csv', '2017-05-17 01:54:25'),
(45, 'Presupuesto 2016-09.csv', '2017-05-17 01:54:38'),
(46, 'SubTransmision Adicion 2016-01.csv', '2017-05-18 11:20:38'),
(47, 'SubTransmision Adicion 2016-05.csv', '2017-05-18 11:21:02'),
(48, 'SubTransmision Adicion 2016-06.csv', '2017-05-18 11:21:15'),
(49, 'SubTransmision Adicion 2016-07.csv', '2017-05-18 11:21:32'),
(50, 'SubTransmision Adicion 2016-08.csv', '2017-05-18 11:21:47'),
(51, 'SubTransmision Adicion 2016-09.csv', '2017-05-18 11:22:03'),
(52, 'SubTransmision Adicion 2016-10.csv', '2017-05-18 11:22:40'),
(53, 'SubTransmision Adicion 2016-11.csv', '2017-05-18 11:22:52'),
(54, 'SubTransmision Adicion 2016-12.csv', '2017-05-18 11:23:03'),
(55, 'Reactivos Distrib 2016-01.csv', '2017-05-18 11:50:22'),
(56, 'Reactivos Distrib 2016-02.csv', '2017-05-18 11:50:42'),
(57, 'Reactivos Distrib 2016-03.csv', '2017-05-18 11:51:56'),
(58, 'Reactivos Distrib 2016-10.csv', '2017-05-18 11:52:14'),
(59, 'Reactivos Distrib 2016-11.csv', '2017-05-18 11:52:26'),
(60, 'Reactivos Distrib 2016-12.csv', '2017-05-18 11:52:37'),
(61, 'Potencia Distrib 2016-01.csv', '2017-05-18 12:07:50'),
(62, 'Potencia Distrib 2016-02.csv', '2017-05-18 12:08:07'),
(63, 'Potencia Distrib 2016-03.csv', '2017-05-18 12:08:17'),
(64, 'Potencia Distrib 2016-04.csv', '2017-05-18 12:08:32'),
(65, 'Potencia Distrib 2016-05.csv', '2017-05-18 12:08:50'),
(66, 'Potencia Distrib 2016-06.csv', '2017-05-18 12:09:03'),
(67, 'Potencia Distrib 2016-07.csv', '2017-05-18 12:09:15'),
(68, 'Potencia Distrib 2016-08.csv', '2017-05-18 12:09:30'),
(69, 'Potencia Distrib 2016-09.csv', '2017-05-18 12:09:42'),
(70, 'Potencia Distrib 2016-11.csv', '2017-05-18 12:09:55'),
(71, 'Potencia Distrib 2016-10.csv', '2017-05-18 12:10:06'),
(72, 'Potencia Distrib 2016-12.csv', '2017-05-18 12:10:19'),
(74, 'SubTransmision Distrib 2016-02.csv', '2017-05-18 12:21:31'),
(75, 'SubTransmision Distrib 2016-03.csv', '2017-05-18 12:21:43'),
(76, 'SubTransmision Distrib 2016-04.csv', '2017-05-18 12:23:03'),
(77, 'SubTransmision Distrib 2016-05.csv', '2017-05-18 12:23:15'),
(78, 'SubTransmision Distrib 2016-06.csv', '2017-05-18 12:23:26'),
(79, 'SubTransmision Distrib 2016-07.csv', '2017-05-18 12:23:37'),
(80, 'SubTransmision Distrib 2016-08.csv', '2017-05-18 12:23:47'),
(81, 'SubTransmision Distrib 2016-09.csv', '2017-05-18 12:24:01'),
(82, 'SubTransmision Distrib 2016-10.csv', '2017-05-18 12:24:16'),
(83, 'SubTransmision Distrib 2016-11.csv', '2017-05-18 12:24:27'),
(84, 'SubTransmision Distrib 2016-12.csv', '2017-05-18 12:24:42'),
(94, 'EnergiaDistribuid 2016-07.csv', '2017-05-18 04:23:43'),
(93, 'Recaudacion IT 2016-12.csv', '2017-05-18 02:26:41');

-- --------------------------------------------------------

--
-- Estructura de tabla para la tabla `borrador`
--

CREATE TABLE IF NOT EXISTS `borrador` (
  `id` int(10) NOT NULL AUTO_INCREMENT,
  `id_status` int(2) NOT NULL,
  `observacion` text NOT NULL,
  `fecha` date NOT NULL,
  `vence` varchar(12) NOT NULL,
  `id_empresa` varchar(100) NOT NULL,
  `id_periodo` varchar(7) NOT NULL,
  `id_tipo_documento` int(3) NOT NULL,
  PRIMARY KEY (`id`)
) ENGINE=MyISAM DEFAULT CHARSET=latin1 AUTO_INCREMENT=1 ;

--
-- Volcar la base de datos para la tabla `borrador`
--


-- --------------------------------------------------------

--
-- Estructura de tabla para la tabla `borrador_concepto`
--

CREATE TABLE IF NOT EXISTS `borrador_concepto` (
  `id` int(10) NOT NULL AUTO_INCREMENT,
  `id_factura` int(10) NOT NULL,
  `id_concepto` int(5) NOT NULL,
  `canti` int(11) NOT NULL,
  `monto` decimal(12,2) NOT NULL,
  `extendido` decimal(12,2) NOT NULL,
  `exento` decimal(12,2) NOT NULL,
  `iva` decimal(12,2) NOT NULL,
  `descuento_por` decimal(12,2) NOT NULL,
  `recargo_por` decimal(12,2) NOT NULL,
  `descuento_efe` decimal(12,2) NOT NULL,
  `recargo_efe` decimal(12,2) NOT NULL,
  `total` decimal(12,2) NOT NULL,
  PRIMARY KEY (`id`)
) ENGINE=MyISAM DEFAULT CHARSET=latin1 AUTO_INCREMENT=1 ;

--
-- Volcar la base de datos para la tabla `borrador_concepto`
--


-- --------------------------------------------------------

--
-- Estructura de tabla para la tabla `empresa`
--

CREATE TABLE IF NOT EXISTS `empresa` (
  `id` varchar(100) NOT NULL,
  `rut` varchar(15) NOT NULL,
  `razon social` varchar(100) NOT NULL,
  `cuenta_bancaria` varchar(20) NOT NULL,
  `codigo_banco` varchar(15) NOT NULL,
  `direccion` text NOT NULL,
  `comuna` varchar(100) NOT NULL,
  `ciudad` varchar(100) NOT NULL,
  `telefono` varchar(20) NOT NULL,
  `contacto` varchar(60) NOT NULL,
  `giro` text NOT NULL,
  PRIMARY KEY (`id`)
) ENGINE=MyISAM DEFAULT CHARSET=latin1;

--
-- Volcar la base de datos para la tabla `empresa`
--

INSERT INTO `empresa` (`id`, `rut`, `razon social`, `cuenta_bancaria`, `codigo_banco`, `direccion`, `comuna`, `ciudad`, `telefono`, `contacto`, `giro`) VALUES
('ACCIONA_ENERGIA', '76437712-5', 'ACCIONA ENERGIA CHILE HOLDINGS SA', '504-00220100004976', '504', 'AV APOQUINDO 4499, PISO 14', 'LAS CONDES', 'SANTIAGO', '56224410155', 'VSALINAS@ELEONERACL', 'GENERACION EN OTRAS CENTRALES N.C.P., DISTRIBUCION DE ENERGIA ELECTRICA'),
('AELA_GENERACION', '76489426-K', 'AELA GENERACION SA', '111648069', '1', 'AV APOQUINDO 4800, TORRE 2, PISO 20, OFICINA 2001, LAS CONDES', 'LAS CONDES', 'SANTIAGO', '56225923100', 'FELIPELATORRE@MAINSTREAMRPCOM', 'DISTRIBUCION DE ENERGIA ELECTRICA, SOCIEDADES DE INVERSION Y RENTISTAS DE CAPITALES MOBILIARIOS EN GENERA'),
('AES GENER', '94272000-9', 'AES GENER SA', '10223410', '16', 'ROSARIO NORTE 532, PISO 19, LAS CONDES', 'LAS CONDES', 'SANTIAGO', '56226868871', 'MARCELAVIZCAY@AESCOM', 'GENERACION EN OTRAS CENTRALES TERMOELECTRICAS, CAPTACION, DEPURACION Y DISTRIBUCION DE AGUA, VENTA AL POR MAYOR DE METALES Y MINERALES METALIFEROS'),
('AGUAS DEL MELADO', '77277800-7', 'EMPRESA ELECTRICA AGUAS DEL MELADO S.P.A', '10633162', 'bice', 'AV.TAJAMAR N? 183 OF. 301', 'LAS CONDES', 'SANTIAGO', '56223312200', 'HECTOR.CASTILLO@BESALCO.CL', 'GENERACION HIDROELECTRICA'),
('AJTE', '76100121-3', 'ALTO JAHUEL TRANSMISORA DE ENERGIA S. A.', '504-01350100022332', '504', 'APOQUINDO 4501, OFICINA 1902', 'LAS CONDES', 'SANTIAGO', '56232024300', 'DGZAMORA@CELEOREDES.COM', 'TRANSMISION DE ENERGIA ELECTRICA'),
('ALLIPEN', '76071891-2', 'HIDROELECTRICA ALLIPEN S.A', '1302507', '28', 'FELIX DE AMESTI N? 90 OF 201', 'LAS CONDES', 'SANTIAGO', '56229178200', 'TSCHWEIGER@GPE.CL', 'GENERACION HIDROELECTRICA'),
('ALMEYDA', '76321458-3', 'ALMEYDA SOLAR SPA', '35417366', '16', 'AV PRESIDENTE RIESCO 5335, PISO 15', 'LAS CONDES', 'SANTIAGO', '56227067366', 'JAIME.TOLEDO@ENEL.COM', 'GENERACION EN OTRAS CENTRALES N.C.P.'),
('ALTOS_DEL_PAICO', '76205368-3', 'SUNENERGREEN S.A.', '00-000-98149-04', '1', 'EL PAICO ALTO KM 4,5 PARCELA SANTA GERMANA', 'EL MONTE', 'SANTIAGO', '', '', 'GENERACION EN OTRAS CENTRALES N.C.P.'),
('ARRAYAN_EOLICO', '76840310-4', 'ENERGIAS RENOVABLES EL ARRAYAN LTDA', '2100-999-30', 'TOKIO-MITSUBISH', 'LOTE 2B MANTILHUE HJ2 S/N', 'RIO BUENO', '', '56642643086', 'C.DELGADO@CADELLTDA.CL', 'GENERACION EN OTRAS CENTRALES N.B.H., TRANSMISION NO ENERGIA ELECTRICA, DISTRIBUCION NO ENERGIA ELECTRICA'),
('BESALCO', '76249099-4', 'BESALCO ENERGIA RENOVABLE S.A.', '6662640-7', '37', 'AV.TAJAMAR 183 0F 301', 'LAS CONDES', 'SANTIAGO', '56223312200', 'HECTOR.CASTILLO@BESALCO.CL', 'GENERACION HIDROELECTRICA'),
('BIO_ENERGIA_MOLINA', '76256837-3', 'BIO ENERGIA MOLINA S.A', '66675335', '37', 'AV. TAJAMAR N?183, OFICINA 301, LAS CONDES', 'LAS CONDES', 'SANTIAGO', '56222460808', 'ALEXDIAZ@GENERA-AUSTRAL.COM', 'GENERACION EN OTRAS CENTRALES N.C.P.'),
('CABO_LEONES', '76166466-2', 'PARQUE EOLICO CABO LEONES I S.A', '53739321', '27', 'ROSARIO NORTE 615, PISO 14, OFICINA 1403. LAS CONDES', 'LAS CONDES', 'SANTIAGO', '', 'IHD@GRUPOIBEREOLICA.COM', 'GENERACIOEN OTRAS CENTRALES N.C.P.'),
('CAPULLO', '96637520-5', 'EMPRESA ELECTRICA CAPULLO S.A.', '8E+11', '504', 'JUSTO GEISSE 851', 'OSORNO', 'OSORNO', '56224410155', 'VSALINAS@ELEONERA.CL', 'GENERACION HIDROELECTRICA'),
('CARBOMET', '91066000-4', 'CARBOMET ENERGIA S.A.', 'E-67199-01', '49', 'LOS BAJOS DE MENA S/N', 'PUENTE ALTO', 'SANTIAGO', '56228571151', 'CARLOS.PINTO@CARBOMET.CL', 'GENERACION HIDROELECTRICA'),
('CDECSIC', '53322852-6', 'CENTRO DE DESPACHO ECONOMICO DE CARGA DEL SISTEMA ELECTRICO INTERCONEC', '01-32292-3', '28', 'TEATINOS 280-PISO 12', 'SANTIAGO', 'SANTIAGO', '+5622 4246389', '', 'OTRAS ACTIVIDADES EMPRESARIALES N.C.P.'),
('CEC', '70287900-0', 'COOPERATIVA DE ABASTECIMIENTO DE ENERGIA ELECTRICA CURICO LTDA', '2120319405', '1', 'CAMILO HENRIQUEZ 153 - CASILLA 20-D', 'CURICO', 'CURICO', '56752310389', 'KADIRRUIZ@CECLTDA.CL', 'DISTRIBUCION DE ENERGIA ELECTRICA'),
('CGE', '99513400-4', 'CGE DISTRIBUCION S.A.', '249610', '37', 'AV. PRESIDENTE RIESCO 5561 12', 'LAS CONDES', 'SANTIAGO', '56226807336', 'RAESPINOZAR@TRANSNET.CL', 'DISTRIBUCION DE ENERGIA ELECTRICA'),
('CHUNGUNGO', '76414107-5', 'CHUNGUNGO S.A.', '48855420', '27', 'MAGDALENA 140 OFICINA 1001', 'LAS CONDES', 'SANTIAGO', '56226118300', 'PRUIZ@SUNEDISON.COM', 'DISTRIBUCION ENERGIA ELECTRICA'),
('CODELCO ANDINA', '61704000-K', 'CODELCO CHILE', '20018118', '16', '11 NORTE 1291, PISO 5C, VILLA EXOTICA EDIFICIO INSTITUCIONAL, CALAMA', 'CALAMA', '', '56981295574', 'SILLANES@CODELCO.CL', 'EXTRACCION DE COBRE,GENERACION EN OTRAS CENTRALES N.C.P.'),
('CODINER', '78397530-0', 'CIA DISTRIBUIDORA DE ENERGIA ELECTRICA CODINER LTDA', '2400182605', '1', 'PATRICIO LYNCH 790', 'TEMUCO', 'TEMUCO', '56998796204', 'PLEAL@CODINER.CL', 'GENERACION EN OTRAS CENTRALES N.T.L., TRANSMISION UC ENERGIA ELECTRICA, DISTRIBUCION UC ENERGIA ELECTRICA'),
('COLBUN', '96505760-9', 'COLBUN S.A.', '2005794', '28', 'AV APOQUINDO N?4775, PISO 11', 'LAS CONDES', 'SANTIAGO', '56224604261', 'ICABRERA@COLBUN.CL', 'GENERACION ENERGIA ELECTRICA'),
('COLBUN_TRANSMISION', '76218856-2', 'COLBUN TRANSMISION S.A.', '01-31204-9', 'bice', 'AV. APOQUINDO N? 4775', 'LAS CONDES', 'SANTIAGO', '56224604220', 'CVAREA@COLBUN.CL', 'TRANSMISION DE ENERGIA ELECTRICA'),
('COLMITO', '76326949-3', 'TERMOELECTRICA COLMITO S.A.', '01-31799-7', 'bice', 'CERRO EL PLOMO 5680 PISO 15, OFICINA 1501', 'LAS CONDES', 'SANTIAGO', '56228207100', 'JURIS.AGUERO@ICPOWER.CL', 'GENERACION EN OTRAS CENTRALES TERMOELECT'),
('CONEJO_SOLAR', '76376829-5', 'CONEJO SOLAR SPA', '310003281-2', '37', 'ROSARIO NORTE 407, OFICINA 1102', 'LAS CONDES', 'SANTIAGO', '56224875500', 'NICOLAS.CAUSSADE@PATTERNENERGY.COM', 'GENERACION EN OTRAS CENTRALES N.C.P.'),
('COPELEC', '80237700-2', 'COOPERATIVA DE CONSUMO DE ENERGIA ELECTRICA CHILLAN LTDA.', '6342501816', '37', 'CALLE DIECIOCHO DE SEPTIEMBRE 688', 'CHILLAN', 'CHILLAN', '+56 42 2204406', 'NFLORESA@COPELEC.CL', 'DISTRIBUCION Y VENTA DE ENERGIA ELECTRIC'),
('CUZCUZ', '76367198-4', 'PARQUE SOLAR CUZ CUZ SPA', '07-02621-8', 'bice', 'AV. PDTE. KENNEDY LATERAL 5600, OF 1313, VITACURA', 'VITACURA', 'SANTIAGO', '56988824359', 'LIBRA@PVPOWER.CZ', 'GENERACION EN OTRAS CENTRALES N.C.P.'),
('EL CANELO', '76136655-6', 'HIDROELECTRICA EL CANELO S.A.', '1306766', 'bice', 'PREDIO SAN LORENZO LOTE B-1', 'MELIPEUCO', 'MELIPEUCO', '56452921840', 'MARRIAGADA@HIDROMANZANO.CL', 'GENERACION HIDROELECTRICA'),
('EL_BOCO', '76565252-9', 'SOCIEDAD BOCO SOLAR SPA', '10668845', '16', 'PALACIO RIESCO 4583', 'HUECHURABA', 'SANTIAGO', '', 'ALEJANDRO.ELIZALDE@CONPAX.CL', 'GENERACION HIDROELECTRICA'),
('EL_MORADO', '76392147-6', 'ENERGIA CERRO EL MORADO S.A.', '53605244', '27', 'AV. PRESIDENTE RIESCO 5711 OF401', 'LAS CONDES', 'SANTIAGO', '56226553747', 'JORDI.DAGA@MBI.CL', 'GENERACION HIDROELECTRICA'),
('ELECTRICA CENIZAS', '76819440-8', 'ELECTRICA CENIZAS S.A.', '10620028', '16', 'AV. APOQUINDO 3885 OFICINA 1401', 'PROVIDENCIA', 'SANTIAGO', '56224222221', 'RMUNOZC@CENIZAS.CL', 'GENERACION EN OTRAS CENTRALES N.C.P.'),
('EMELDA', '76004337-0', 'EMPRESA ELECTRICA DIEGO DE ALMAGRO S.A.', '61079375', '16', 'MANUEL ANTONIO MATTA N? 221, LA SERENA', 'LA SERENA', 'LA SERENA', '56229643988', 'CPGARCIAS@EMELDA.CL', 'GENERACION EN OTRAS CENTRALES TERMOELECT'),
('ENEL DISTRIBUCION', '96800570-7', 'ENEL DISTRIBUCION CHILE S.A.', '', '', 'SANTA ROSA 76 PISO 8', 'SANTIAGO', 'SANTIAGO', '56226752111', 'FMESSEN@CHILECTRA.CL', 'GENERACION EN OTRAS CENTRALES N.S.P., TRANSMISION  ENERGIA ELECTRICA, DISTRIBUCION  ENERGIA ELECTRICA'),
('ENEL_GENERACION', '96770940-9', 'CIA. ELECTRICA TARAPACA S.A.', '1124781', '37', 'SANTA ROSA 76, PISO 13', 'SANTIAGO', 'SANTIAGO', '56226309448', '', 'GENERACION EN OTRAS CENTRALES N.S.P., TRANSMISION  ENERGIA ELECTRICA, DISTRIBUCION  ENERGIA ELECTRICA'),
('ENERGIA PACIFICO', '76004531-4', 'ENERGIA PACIFICO S.A.', '8711510', '1', 'KM. 63 LONGITUDINAL SUR', 'SAN FCO DE MOSTAZAL', 'RANCAGUA', '56722491250', 'CGOMEZ@CPP.CL', 'GENERACION EN OTRAS CENTRALES TERMOELECT'),
('ENERKEY', '76468419-2', 'ENERKEY SPA', '204172487', 'itau', 'EDUARDO MAQUINA 3937', 'VITACURA', 'SANTIAGO', '', '', 'GENERACION EN OTRAS CENTRALES N.C.P'),
('ENORCHILE', '96774300-3', 'ENORCHILE S.A', '81085842', 'bice', 'EXEQUIEL FERNANDEZ N? 3397', 'MACUL', 'SANTIAGO', '56224102544', 'FAVALOS@ENORCHILE.CL', 'GENERACION EN OTRAS CENTRALES N.C.P.'),
('EOLICA_ESPERANZA', '76427498-9', 'EOLICA LA ESPERANZA S.A.', '69359930', '37', 'HERNANDO DE AGUIRRE 268 OF.402', 'PROVIDENCIA', 'SANTIAGO', '56223727395', 'CBRAVO@COENER.CL', 'GENERACION EN OTRAS CENTRALES N.C.P'),
('EOLICA_TALTAL', '76179024-2', 'PARQUE EOLICO TALTAL S.A.', '35413492', '16', 'AV. PRESIDENTE RIESCO 5335 PISO 15 LAS CONDES', 'LAS CONDES', 'SANTIAGO', '56227067366', 'JAIME.TOLEDO@ENEL.COM', 'GENERACION ELECTRICA SISTEMA EOLICO'),
('ERNC1', '76318056-5', 'EMPRESA ELECTRICA ERNC I S.A.', '28974166', '16', 'MAGDALENA 140, PISO 7', 'LAS CONDES', 'SANTIAGO', '56226583258', '99.000.251-7@EXAMPLE.CDEC', 'GENERACION EN OTRAS CENTRALES N.C.P.'),
('ESPINOS', '76925800-0', 'TERMOELECTRICA LOS ESPINOS S.A.', '3564107', '1', 'MONSE?OR SOTERO SANZ # 267', 'PROVIDENCIA', 'SANTIAGO', '56223554900', 'EDUARDO.VERGARA@POTENCIACHILE.CL', 'GENERACION EN CENTRALES TERMOELECTRICA D'),
('ESTANCILLA SPA', '76145769-1', 'GENERADORA ESTANCILLA SPA', '9363302', '1', 'PARCELA 64 SANTA FILOMENA', 'SAN BERNARDO', 'SANTIAGO', '56224141440', 'JAVIER.ROJAS@MATRIZENERGIA.CL', 'GENERADORA ELECTRICA'),
('FRONTEL', '76073164-1', 'FRONTEL', '61016799', '16', 'BULNES', 'OSORNO', 'OSORNO', '56224147000', 'KANDINSKY.DINTRANS@SAESA.CL', 'GENERACION DE ENERGI'),
('GAS SUR', '96853490-4', 'GAS SUR S.A.', '68-16014-00', '14', 'GRAN BRETA?A 5691', 'TALCAHUANO', 'TALCAHUANO', '56412660990', 'NEWEN@GASSUR.CL', 'GENERACION EN OTRAS CENTRALES TERMOELECT'),
('GENERADORA_PIUTEL', '76413185-1', 'GENERADORA PIUTEL LTDA.', '10-01399-2', 'bice', 'ARAUCO N? 159, OF. 202, VALDIVIA', 'VALDIVIA', 'VALDIVIA', '56992698554', 'CCARRASCO@NANOGENER.CL', 'GENERACION HIDROELECTRICA'),
('GENERHOM', '77412850-6', 'GENERADORA ELECTRICA PEHUI LIMITADA', '61079375', '16', 'JUAN MACKENNA 716 PISO 3 DEPTO D', 'OSORNO', 'OSORNO', '56642239001', 'RICARDO@GENERHOM.COM', 'GENERACION HIDROELECTRICA'),
('GR_CANELO', '76136655-6', 'HIDROELECTRICA EL CANELO S.A.', '2024660-01', '49', 'CLARO SOLAR 835 PISO 13, TEMUCO ', 'TEMUCO', 'TEMUCO', '56452921840', 'MARRIAGADA@HIDROMANZANO.CL', 'GENERACION HIDROELECTRICA'),
('GUACOLDA', '76418918-3', 'EMPRESA ELECTRICA GUACOLDA S.A.', '10656553', '16', 'AV. SANTA MARIA 2810 PISO 4', 'PROVIDENCIA', 'SANTIAGO', '56226868563', 'RICHARD.TRUBIO@AES.COM', 'GENERACION DISTRIBUCION Y TRANSMISION DE'),
('HIDROANGOL', '76067373-0', 'HIDROANGOL S.A', '50682089', '27', 'VITACURA 2969, OFICINA 902', 'PROVIDENCIA', 'SANTIAGO', '56232027360', 'ARTURO.LARRAIN@SCOTTA.CL', 'GENERACION HIDROELECTRICA'),
('HIDROLIRCAY', '76025973-K', 'HIDROELECTRICA RIO LIRCAY S.A', '1301756', '28', 'AV.PDTE KENNEDY N? 5454 OF. 1601', 'VITACURA', 'SANTIAGO', '56229635200', 'JMCONTARDO@HIDROMAULE.CL', 'GENERACION HIDROELECTRICA'),
('HIDROPROVIDENCIA', '76135475-2', 'HIDROELECTRICA PROVIDENCIA S.A.', '10628436', '16', 'AV PDTE KENNEDY 5757 OFICINA 802', 'LAS CONDES', 'SANTIAGO', '56229635200', 'JMCONTARDO@HIDROMAULE.CL', 'GENERADORA ELECTRICA'),
('HIDRORI?INAHUE', '?76306881-1', 'HIDRORI?INAHUE S.A.', '18003449', '28', 'PILAUCO 961', 'OSORNO', '', '', '', 'GENERACION HIDROELECTRICA'),
('HUAJACHE', '76255785-1', 'PROYECTO HUAJACHE SPA', '3100033061', '37', 'AV. ANDRES BELLO 1251 602', 'PROVIDENCIA', 'SANTIAGO', '56229258118', 'JAIME@INTERENERGY.COM', 'OBRAS DE INGENIERIA'),
('IMELSA_ENERGIA', '76472262-0', 'IMELSA ENERGIA SPA', '8001123903', '1', 'AVDA ESPANA 795', 'SANTIAGO', 'SANTIAGO', '56226893300', 'CARLOS.DUCASSE@IMELSA.CL', 'GENERACION EN OTRAS CENTRALES N.C.P.'),
('INDURA', '91335000-6', '?INDURA?S.A', '13151428', '16', 'AV. LAS AMERICAS 585, CERRILLOS, 13', 'CERRILLOS', 'SANTIAGO', '+56 2 23432538', 'SRETAMALH@INDURA.NET', 'GENERACION EN OTRAS CENTRALES N.C.1., TRANSMISION OS ENERGIA ELECTRICA, DISTRIBUCION OS ENERGIA ELECTRICA'),
('JAVIERA', '76376635-7', 'JAVIERA SPA', '45947335', '27', 'MAGDALENA 140 PISO 10', 'LAS CONDES', 'SANTIAGO', '56226118300', 'PRUIZ@SUNEDISON.COM', 'GENERACION EN OTRAS CENTRALES N.C.P.'),
('KALTEMP', '76392163-8', 'GENERADORA ELECTRICA KALTEMP LTDA.', 'E201192401', '49', 'AV LAS TORRES 1375', 'HUECHURABA', 'SANTIAGO', '56228621700', 'ANTONIO.BOETSCH@KALTEMP.CL', 'GENERADORA ELECTRICA'),
('KDM_ENERGIA', '76059578-0', 'KDM ENERGIA S.A', '79407-04', '1', 'AV. EL PARQUE 4160 DPTO 601 BLOCK A', 'HUECHURABA', 'SANTIAGO', '56223978170', 'ABUSTOS@KDMENERGIA.CL', 'GENERACION HIDROELECTRICA'),
('LA CONFLUENCIA', '76350250-3', 'HIDROELECTRICA LA CONFLUENCIA S.A.', '1110745008', '1', 'AV ISIDORA GOYENECHEA N? 3520, PISO 10', 'LAS CONDES', 'SANTIAGO', '56225194301', 'FPROMIS@TENERGIA.CL', 'GENERACION HIDROELECTRICA'),
('LA HIGUERA', '96990050-5', 'HIDROELECTRICA LA HIGUERA S.A.', '1401580006', '1', 'AV ISIDORA GOYENECHEA N? 3520, PISO 10', 'LAS CONDES', 'SANTIAGO', '56225194301', 'FPROMIS@TENERGIA.CL', 'GENERACION HIDROELECTRICA'),
('LOS_CURUROS', '76178599-0', 'PARQUE EOLICO LOS CURUROS LIMITADA', '9.9E+11', '504', 'EDIFICIO NEW CENTURY, AVDA. PDTE. KENNEDY NO. 4700 OFICINA 9', 'VITACURA', 'SANTIAGO', '56229536631', 'EDUARDO.CADAVID@EPMCHILE.COM', 'GENERACION EN OTRAS CENTRALES N.C.P'),
('LOS_PINOS_BIO', '76472359-7', 'BIO ENERGIA LOS PINOS SPA', '69606130', '37', 'AVDA EL BOSQUE NORTE 0123 OFICINA 601', 'LAS CONDES', 'SANTIAGO', '56222460808', 'ALEXDIAZ@GENERA-AUSTRAL.COM', 'GENERACION EN OTRAS CENTRALES N.C.P'),
('LUZ_DEL_NORTE', '76319477-9', 'PARQUE SOLAR FOTOVOLTAICO LUZ DEL NORTE SPA', '1111473052', '1', 'RUTA C-17, KM 46, SECTOR LLANO DE VARAS', 'COPIAPO', 'COPIAPO', '56225947507', 'HUGO.VITS@FIRSTSOLAR.COM', 'GENERACION EN OTRAS CENTRALES N.C.P.'),
('LUZLINARES', '96884450-4', 'LUZLINARES S.A.', '45033988', '37', 'CHACABUCO 675', 'LINARES', 'LINARES', '56732634020', 'JJARA@LUZLINARES.CL', 'GENERACION EN OTRAS CENTRALES N.L.C., TRANSMISION RE ENERGIA ELECTRICA, DISTRIBUCION RE ENERGIA ELECTRICA'),
('LUZPARRAL', '96866680-0', 'LUZPARRAL S.A.', '45-03399-6', '37', 'ANIBAL PINTO 1101, PARRAL', 'PARRAL', 'PARRAL', '56732634020', 'JJARA@LUZLINARES.CL', 'GENERACION EN OTRAS CENTRALES N.P.P., TRANSMISION RA ENERGIA ELECTRICA, DISTRIBUCION RA ENERGIA ELECTRICA'),
('MALLARAUCO', '76055136-8', 'HIDROELECTRICA MALLARAUCO S.A.', '1300091', '28', 'FELIX DE AMESTI 90, OFICINA 201', 'LAS CONDES', 'SANTIAGO', '56229178200', 'TSCHWEIGER@GPE.CL', 'GENERACION HIDROELECTRICA'),
('MARIA_ELENA', '76188603-7', 'GENERADORA ELECTRICA MARIA ELENA LTDA', '260-08706-08', '1', 'MACKENA 716, DPTO D, OSORNO', 'OSORNO', 'OSORNO', '56642239001', 'RICARDO@GENERHOM.COM', 'GENERACION ELECTRICA'),
('MINERA LOS PELAMBRES', '96790240-3', 'MINERA LOS PELAMBRES', '', '', 'AV APOQUINDO N 4001, PISO 18', 'LAS CONDES', 'SANTIAGO', '56227983467', 'EDUARTE@PELAMBRES.CL', 'GENERACION EN OTRAS CENTRALES N.C.P., TRANSMISION DE ENERGIA ELECTRICA, DISTRIBUCION DE ENERGIA ELECTRICA'),
('MONTE REDONDO', '76019239-2', 'EOLICA MONTE REDONDO S.A.', '62-41056-6', '37', 'AV. APOQUINDO N? 3721, PISO 8', 'LAS CONDES', 'SANTIAGO', '56227833377', 'FELIPE.ESCOBART@E-CL.CL', 'GENERACION EN OTRAS CENTRALES N.C.P.'),
('NUEVA ENERGIA', '76045612-8', 'ELECTRICA NUEVA ENERGIA S.A.', '6263972-5', '37', 'PARQUE INDUSTRIAL ESCUADRON 2 KM 17,5 CAMINO A CORONEL', 'CORONEL', 'CORONEL', '56412906522', 'JBERTRAN@SCLEA.COM', 'GENERACION EN OTRAS CENTRALES TERMOELECT'),
('ORAFTI', '77894990-3', 'ORAFTI CHILE S.A', '00050214-06', '1', 'KM 445 RUTA 5 SUR 445', 'PEMUCO', 'CHILLAN', '56422458000', 'DO@ORAFTI.CL', 'REFINACION, INDUSTRIALIZACION Y COMERCIA'),
('ORAZUL_DUQUECO', '76254033-9', 'ORAZUL ENERGY DUQUECO SPA', '10641769', '16', 'CERRO EL PLOMO N? 5630 ,PISO 15, OFICINA 1502', 'LAS CONDES', 'SANTIAGO', '56226172704', 'SOLEDAD.SALAS@ORAZUL.COM', 'GENERACION ELECTRICA'),
('PACIFIC HYDRO', '96990040-8', 'PACIFIC HYDRO CHILE S.A.', '0108329-017', '1', 'AV. ISIDORA GOYENECHEA 3520, PISO 9', 'LAS CONDES', 'SANTIAGO', '56225194200', 'LNUNEZ@PACIFICHYDRO.CL', 'GENERACION HIDROELECTRICA'),
('PANGUIPULLI', '96524140-k', 'EMPRESA ELECTRICA PANGUIPULLI S.A.', '84061090', '16', 'AV. PRESIDENTE RIESCO 5335 PISO 15', 'LAS CONDES', 'SANTIAGO', '56227067366', 'JAIME.TOLEDO@ENEL.COM', 'GENERACION HIDROELECTRICA'),
('PARQUE_EOLICO_LEBU', '76416891-7', 'PARQUE EOLICO LEBU - TORO SPA', '125248-8', 'estado', 'DAGOBERTO GODOY N? 145', 'CERRILLOS', 'SANTIAGO', '56229258110', 'CRISTORO@ENERGETICA.CL', 'GENERACION EN OTRAS CENTRALES N.C.P.'),
('PEHUENCHE', '96504980-0', 'EMPRESA ELECTRICA PEHUENCHE S.A.', '1061941', '37', 'SANTA ROSA 76 PISO 10', 'SANTIAGO', 'SANTIAGO', '56226309285', 'MIGUEL.BUZUNARIZ@ENEL.COM', 'GENERACION Y TRANSMISION DE ENERGIA ELEC'),
('PEHUI', '76067554-7', 'GENERADORA ELECTRICA PEHUI LTDA', '61079375', '16', 'MACKENA 716 DPTO D', 'OSORNO', 'OSORNO', '56642239001', 'RICARDO@GENERHOM.COM', 'GENERACION HIDROELECTRICA'),
('PETROPOWER', '78335760-7', 'PETROPOWER ENERGIA LIMITADA', '102677137', '1', 'CAMINO A RAMUNTCHO 3230', 'HUALPEN', 'CONCEPCION', '56222803000', 'MTELLEZ@ENAP.CL', 'GENERACION HIDROELECTRICA'),
('POTENCIA', '76771670-2', 'POTENCIA S.A.', '75358-00', '1', 'MONSE?OR SOTERO SANZ N? 267', 'PROVIDENCIA', 'SANTIAGO', '56223554900', 'EDUARDO.VERGARA@POTENCIACHILE.CL', 'TRANSMISION DE ENERGIA ELECTRICA'),
('PV_SALVADOR', '76284682-9', 'PV SALVADOR SPA', '149999952-2', '1', 'ISIDORA GOYENECHEA N? 2934, PISO 5, OFICINA 501, LAS CONDES.', 'LAS CONDES.', 'SANTIAGO', '56224491902', 'CSALINAS@ETRION.COM', 'GENERACION Y TRANSMISION DE ENERGIA'),
('RAGSA', '76213834-4', 'RIO ALTO S.A.', '54030732', '27', '', '', '', '', '', 'GENERACION EN OTRAS CENTRALES N.C.P., TRANSMISION DE ENERGIA ELECTRICA, DISTRIBUCION DE ENERGIA ELECTRICA'),
('RAKI', '76216621-6', 'PROYECTO RAKI SPA', '3100033053', '37', 'AV. ANDRES BELLO 1251 602', 'PROVIDENCIA', 'SANTIAGO', '56229258118', 'JAIME@INTERENERGY.COM', 'OBRAS DE INGENIERIA'),
('RIO HUASCO', '76071113-6', 'HIDROELECTRICA RIO HUASCO S.A.', '1306545', '28', 'FELIX DE AMESTI N? 90 OF 201', 'LAS CONDES', 'SANTIAGO', '56229178200', 'TSCHWEIGER@GPE.CL', 'GENERACION HIDROELECTRICA'),
('RIO_COLORADO', '76189274-6', 'HIDROELECTRICA RIO COLORADO S.A', '01-31012-7', '28', 'FELIX AMESTI N 90 OF.201', 'LAS CONDES', 'SANTIAGO', '', '', 'GENERACION HIDROELECTRICA'),
('RUCATAYO', '76030638-K', 'EMPRESA ELECTRICA RUCATAYO S.A.', 'E169737422', '49', 'AV. VITACURA 2969', 'LAS CONDES', 'SANTIAGO', '56224222221', 'ANDRES.ORELLANA@STATKRAFT.COM', 'GENERACION HIDROELECTRICA'),
('SAN_JUAN_LAP', '76319883-9', 'SAN JUAN S.A.', '', '', 'CERRO EL PLOMO 5680 OF 1202', 'LAS CONDES', 'SANTIAGO', '56228203265', 'MARCELO.RUBIO@LATAMPOWER.COM', 'GENERACION EN OTRAS CENTRALES N.C.P.'),
('SANTIAGO_SOLAR', '76378017-1', 'SANTIAGO SOLAR SA', '1111744056', '1', 'AV APOQUINDO 3472, PISO 14 OFICINA 1401', 'LAS CONDES', 'SANTIAGO', '56228968909', 'LUIS.RODRIGUEZ@SANTIAGOSOLAR.CL', 'GENERACION EN OTRAS CENTRALES NCP'),
('SGA', '99528750-1', 'SGA.S.A.', '10525351', '16', 'BULNES N? 441', 'OSORNO', 'OSORNO', '56224147000', 'KANDINSKY.DINTRANS@SAESA.CL', 'GENERACION DE ENERGI'),
('STS', '77683400-9', 'STS', '61040606', '16', 'BULNES N? 441', 'OSORNO', 'OSORNO', '56224147000', 'KANDINSKY.DINTRANS@SAESA.CL', 'GENERACION DE ENERGI'),
('SWC', '96903720-3', 'S W CONSULTING S A', '173-08330-07', '1', 'PRESIDENTE RIESCO N? 3316', 'LAS CONDES', 'SANTIAGO', '56225891932', 'CULLOA@SWC.CL', 'GENERACION EN OTRAS CENTRALES N.C.N., TRANSMISION DE ENERGIA ELECTRICA, DISTRIBUCION DE ENERGIA ELECTRICA'),
('TALINAY', '76126507-5', 'PARQUE TALINAY ORIENTE S.A', '35416190', '16', 'AVDA. PRESIDENTE RIESCO 5335, 5335', 'LAS CONDES', 'SANTIAGO', '56227067366', 'JAIME.TOLEDO@ENEL.COM', 'GENERACION EN OTRAS CENTRALES N.C.P'),
('TEATINOS', '76479446-K', 'TEATINOS ENERGIA S.A.', '206976672', 'itau', 'ESTADO 213 OF 302, CURICO', 'CURICO', '', '56752323063', 'VCASTRO@VHCINGENIERIA.CL', 'GENERACION HIDROELECTRICA'),
('TECNORED', '77302440-5', 'TECNORED S.A.', '15066011', '16', 'CALLE CERRO PLOMO N? 3819, PARQUE INDUSTRIAL, CURAUMA', 'VALPARAISO', 'VALPARAISO', '56223621410', 'FRONCAGL@TECNORED.CL', 'GENERACION EN OTRAS CENTRALES N.C.P'),
('TRANSCHILE', '76311940-8', 'TRANSCHILE CHARRUA TRANSMISION S.A.', '971223315', '14', 'AVDA.APOQUINDO 3669 OFICINA 302', 'LAS CONDES', 'SANTIAGO', '56228968250', 'JAVIER.GOMEZ@FERROVIAL.COM', 'TRANSMISION DE ENERGIA ELECTRICA 76.311.940-8 NUEVA TAJAMAR N? 481 OF. 1407 TORRE'),
('TRANSMISION CHENA', '76722488-5', 'EMPRESA DE TRANSMISION CHENA S.A.', '', '', 'SANTA ROSA 76, BLOQUE PISO, DEPTO. 8', 'SANTIAGO', 'SANTIAGO', '', '', 'GENERACION EN OTRAS CENTRALES N.S.D., TRANSMISION  ENERGIA ELECTRICA, DISTRIBUCION  ENERGIA ELECTRICA'),
('TRANSNET', '96719210-4', 'TRANSNET S.A.', '70810980', '37', 'AV. PRESIDENTE RIESCO 5561 12', 'LAS CONDES', 'SANTIAGO', '', '', 'GENERACION EN OTRAS CENTRALES N.C.5., TRANSMISION DE ENERGIA ELECTRICA, DISTRIBUCION DE ENERGIA ELECTRICA'),
('BE FORESTALES', '76188197-3', 'BIOENERGIAS FORESTALES S.A', '', '', 'AGUSTINAS 1343 PISO 2', 'SANTIAGO', 'SANTIAGO', '', '', 'GENERACION EN OTRAS CENTRALES N.C.P., TRANSMISION DE ENERGIA ELECTRICA, DISTRIBUCION DE ENERGIA ELECTRICA'),
('TRANSELEC', '76555400-4', 'TRANSELEC S A', '156868', '37', 'ORINOCO 90, PISO 14', 'LAS CONDES', 'SANTIAGO', '', '', 'GENERACION EN OTRAS CENTRALES N.C.P., TRANSMISION DE ENERGIA ELECTRICA, DISTRIBUCION DE ENERGIA ELECTRICA'),
('DUKE ENERGY', '76060441-0', 'ORAZUL ENERGY CHILE HOLDING II B V CPA', '10637567', '16', 'CERRO EL PLOMO 5630, PISO 15, OFICINA 1502 EDIFICIO DE LAS ARTES', 'LAS CONDES', 'SANTIAGO', '', '', 'GENERACION EN CENTRALES TERMOELECTRICA DE CICLOS COMBINADOS, SOCIEDADES DE INVERSION Y RENTISTAS DE CAPITALES MOBILIARIOS EN GENERA'),
('COLBUN TRANSMISION', '76218856-2', 'COLBUN TRANSMISION S.A', '1312049', '28', 'AV. APOQUINDO 4775', 'LAS CONDES', 'SANTIAGO', '56224604220', 'CVAREA@COLBUN.CL', 'TRANSMISION DE ENERGIA ELECTRICA'),
('ANDES_GENERACION', '76203788-2', 'ANDES GENERACION SPA', 'E-1460285-01', 'SECURITY', 'AVDA APOQUINDO 4774 OF 2001', 'LAS CONDES', 'SANTIAGO', '2 2430 1860', '', 'GENERACION EN OTRAS CENTRALES N.C.P., DISTRIBUCION DE ENERGIA ELECTRICA'),
('ARRAYAN', '76840310-4', 'ESTUDIO EXPLOTACION Y ADM DE ENERGIAS RENOVABLES EL ARRAYAN LTDA', '41919314', 'CORPBANCA', 'LT 2 B MANTILHUE HJ 2 S/N', 'RIO BUENO', 'OSORNO', '642207888', '', 'GENERACION EN OTRAS CENTRALES N.B.2., TRANSMISION NO ENERGIA ELECTRICA, DISTRIBUCION NO ENERGIA ELECTRICA'),
('CHANLEUFU', '76153128-K', 'CENTRAL HIDROELECTRICA CHANLEUFU SA', '10653473', 'bci', 'AV SANTA MARIA 5888', 'VITACURA', 'SANTIAGO', '996996394', '', 'GENERACION HIDROELECTRICA'),
('CHACAYES', '76006855-1', 'PACIFIC HYDRO CHACAYES S.A.', '205154293', 'itau', 'AV. ISIDORA GOYENECHEA N? 3520, PISO 9', 'LAS CONDES', 'SANTIAGO', '', '', 'GENERACION HIDROELECTRICA, TRANSMISION DE ENERGIA ELECTRICA'),
('CAREN', '76149809-6', 'EMPRESA ELECTRICA CAREN S.A.', '206706707', 'itau', 'CERRO EL PLOMO 5680 PISO 12 OF 1202', 'LAS CONDES', 'SANTIAGO', '562 22820 3200', '', 'GENERACION HIDROELECTRICA, GENERACION EN OTRAS CENTRALES N.C.P.'),
('CARDONES SA', '76550580-1', 'GENERACION EN CENTRALES TERMOELECTRICA DE CICLOS COMBINADOS', '10592695', 'bci', 'CERRO EL PLOMO N? 5680 PISO 15, OFICINA 1501', 'LAS CONDES', 'SANTIAGO', '', '', 'GENERACION EN OTRAS CENTRALES N.C.O., TRANSMISION DE ENERGIA ELECTRICA, DISTRIBUCION DE ENERGIA ELECTRICA'),
('COLIHUES', '76094643-5', 'COLIHUES ENERGIA S.A.', '203506027', 'itau', 'COLIHUES KM. 13 REQUINOA', 'RANCAGUA', 'RANCAGUA', '56 72 2330100', '', 'GENERACION EN OTRAS CENTRALES N.C.P., TRANSMISION DE ENERGIA ELECTRICA, DISTRIBUCION DE ENERGIA ELECTRICA'),
('COMASA', '96546010-1', 'COMASA S.A.', '1076418', 'santander', 'PARQUE INDUSTRIAL ESCUADRON II, KM 17,5', 'CORONEL', 'CORONEL', '452993949', '', 'GENERACION EN OTRAS CENTRALES N.C.K., TRANSMISION NE ENERGIA ELECTRICA, DISTRIBUCION NE ENERGIA ELECTRICA'),
('CUMPEO', '76414591-7', 'HIDROELECTRICA CUMPEO S.A', '10658394', 'bci', 'AUGUSTO LEGUIA SUR 160 OF. 22', 'LAS CONDES', 'SANTIAGO', '223519402', '', 'GENERACION HIDROELECTRICA, VENTA AL POR MAYOR DE OTROS PRODUCTOS N.C.P., TRANSMISION DE ENERGIA ELECTRICA'),
('DEI DUQUECO', '76254033-9', 'ORAZUL ENERGY DUQUECO SPA', '10641769', 'bci', 'CERRO EL PLOMO N? 5630 ,PISO 15, OFICINA 1502', 'LAS CONDES', 'SANTIAGO', '', '', 'GENERACION ELECTRICA'),
('DENER', '76073828-K', 'DESARROLLO DE ENERGIA S.A', '800-14352-03', '1', 'MANQUEHUE SUR 520 OFICINA 320', 'LAS CONDES', 'SANTIAGO', '2 2245 5946', '', 'GENERACION HIDROELECTRICA, SOCIEDADES DE INVERSION Y RENTISTAS DE CAPITALES MOBILIARIOS EN GENERA'),
('DIVISADERO', '76438021-5', 'DIVISADERO S.A', '69113559', 'santander', 'ARQUITECTO ENRIQUE AGUIRRE 1541', 'VITACURA', 'SANTIAGO', '', '', 'GENERACION EN OTRAS CENTRALES N.C.P.'),
('EL_AGRIO', '76364112-0', 'EL AGRIO HIDRO SPA', '6799273-3', 'santander', 'AVENIDA AMERICO VESPUCIO 1090 1401A', 'VITACURA', 'SANTIAGO', '2 29543167', '', 'GENERACION HIDROELECTRICA, TRANSMISION DE ENERGIA ELECTRICA, DISTRIBUCION DE ENERGIA ELECTRICA'),
('EL_ARROYO', '76362268-1', 'RP EL ARROYO ENERGIAS RENOVABLES SA', '1331183', 'bice', 'RAMON FREIRE 11', 'PANGUIPULLI', 'PANGUIPULLI', '', '', 'GENERACION HIDROELECTRICA, OBRAS DE INGENIERIA'),
('EL_GALPON', '76391769-K', 'EL?CTRICA EL GALPON SPA', '8001288304', '', 'MANQUEHUE SUR 520, OFICINA 320', 'LAS CONDES', 'SANTIAGO', '', '', 'GENERACION HIDROELECTRICA'),
('ENDESA', '91081000-6', 'ENEL GENERACION CHILE S.A.', '01-02999-1', 'santander', 'SANTA ROSA N? 76', 'SANTIAGO', 'SANTIAGO', '226309549', '', 'GENERACION Y TRANSMISION DE ENERGIA ELEC'),
('ENLASA', '76009328-9', 'ENLASA GENERACION CHILE S.A.', '10597000', 'bci', 'LOS MILITARES N? 5001 PISO 10', 'LAS CONDES', 'SANTIAGO', '', '', 'GENERACION EN OTRAS CENTRALES TERMOELECTRICAS, DISTRIBUCION DE ENERGIA ELECTRICA'),
('EOLICA_RENAICO', '76412562-2', 'ENEL GREEN POWER DEL SUR SPA', '35419458', 'bci', 'PDTE RIESCO 5335 PISO 15', 'LAS CONDES', 'SANTIAGO', '228999233', '', 'GENERACION EN OTRAS CENTRALES N.C.P., TRANSMISION DE ENERGIA ELECTRICA, DISTRIBUCION DE ENERGIA ELECTRICA'),
('GEN. INDUSTRIAL', '76045453-2', 'COMPA?IA DE GENERACION INDUSTRIAL S.A.', '10634673', 'bci', 'ROSARIO NORTE 615, PISO 23', '', '', '225715532', '', 'GENERACION EN OTRAS CENTRALES N.C.P.'),
('GENPAC', '76010367-5', 'GENERADORA DEL PACIFICO S.A', '10670122', 'bci', 'HERNANDO DE AGUIRRE 201, OF 1302', 'PROVIDENCIA', 'SANTIAGO', '222468558', '', 'GENERACION EN OTRAS CENTRALES TERMOELECTRICAS, GENERACION EN OTRAS CENTRALES N.C.P.'),
('GESAN', '94959000-3', 'GENERADORA ELECTRICA SAUCE LOS ANDES S A', '162-31-095-01', '1', 'AV PE?A BLANCA N? 540', 'ALGARROBO', 'ALGARROBO', '35 2481010', '', 'GENERACION EN OTRAS CENTRALES N.A.N., TRANSMISION BO ENERGIA ELECTRICA, DISTRIBUCION BO ENERGIA ELECTRICA'),
('GESTEL', '76219458-9', 'GESTEL INGENIERIA LIMITADA', '0-000-6631070-1', 'santander', 'ELIODORO YA?EZ N? 2979 OF. 101', 'PROVIDENCIA', 'SANTIAGO', '56 2 29735473', '', 'GENERACION EN OTRAS CENTRALES N.C.P., OTROS SERVICIOS DE TELECOMUNICACIONES N.C.P., SERVICIOS DE INGENIERIA PRESTADOS POR EMPRESAS N.C.P.'),
('GR_ARAUCARIA', '76461936-6', 'GR ARAUCARIA SPA', 'E-2024661-01', 'SECURITY', 'AVD APOQUINDO 3472, DEPTO. 801-B', 'LAS CONDES', 'SANTIAGO', '', '', 'GENERACION EN OTRAS CENTRALES N.C.P., ACTIVIDADES DE ASESORAMIENTO EMPRESARIAL Y EN MATERIA DE GESTION, OTRAS ACTIVIDADES EMPRESARIALES N.C.P.'),
('GR_COIGUE', '76461939-0', 'GR COIGUE SPA', '61833584', 'bci', 'AVDA. APOQUINDO 3472, OF.801-B', 'LAS CONDES', 'SANTIAGO', '', '', 'GENERACION EN OTRAS CENTRALES N.C.P., ACTIVIDADES DE ASESORAMIENTO EMPRESARIAL Y EN MATERIA DE GESTION, OTRAS ACTIVIDADES EMPRESARIALES N.C.P.'),
('GR_HUINGAN', '76461937-4', 'GR HUINGAN SPA', '52222121', 'CORPBANCA', 'AVDA. APOQUINDO 3472- OF.801-B', 'LAS CONDES', 'SANTIAGO', '', '', 'GENERACION EN OTRAS CENTRALES N.C.P., ACTIVIDADES DE ASESORAMIENTO EMPRESARIAL Y EN MATERIA DE GESTION, OTRAS ACTIVIDADES EMPRESARIALES N.C.P.'),
('HBS_GNL', '76468387-0', 'HBS GAS NATURAL LICUADO S.A', '800-19206-00', '1', 'ESTORIL 50, OFICINA 601 PISO 6', 'LAS CONDES', 'SANTIAGO', '222157731', '', 'GENERACION EN OTRAS CENTRALES N.C.O., TRANSMISION DE ENERGIA ELECTRICA, DISTRIBUCION DE ENERGIA ELECTRICA'),
('HIDROMAULE', '76354800-7', 'HIDROMAULE S.A', '10628525', 'bci', 'AV. PDTE. KENNEDY 5454,OF.1601', 'VITACURA', 'SANTIAGO', '', '', 'GENERACION HIDROELECTRICA, TRANSMISION DE ENERGIA ELECTRICA, DISTRIBUCION DE ENERGIA ELECTRICA'),
('HORMIGA_SOLAR', '76459988-8', 'HORMIGA SOLAR SPA', '10656561', 'bci', 'VITACURA 2939, PISO 10', 'LAS CONDES', 'SANTIAGO', '', '', 'GENERACION EN OTRAS CENTRALES N.C.P., TRANSMISION DE ENERGIA ELECTRICA, DISTRIBUCION DE ENERGIA ELECTRICA'),
('IMELSA_ENERGIA (PANGUIPULLI)', '76472262-0', 'IMELSA ENERGIA SPA', '8001123903', '1', 'AVDA ESPANA 795', 'SANTIAGO', 'SANTIAGO', '2 26893300', 'IMELSA@IMELSA.CL', 'ACTIVIDADES DE ASESORAMIENTO EMPRESARIAL Y EN MATERIA DE GESTION, OTRAS ACTIVIDADES EMPRESARIALES N.C.P.'),
('LA ARENA SPA', '76037036-3', 'EMPRESA ELECTRICA LA ARENA SPA', '01-30280-9', 'bice', 'GERTRUDIS ECHE?IQUE 220, PISO 7', 'LAS CONDES', 'SANTIAGO', '2 2818 6300', '', 'GENERACION HIDROELECTRICA, TRANSMISION DE ENERGIA ELECTRICA'),
('LA_MONTA?A_1', '76157465-5', 'HIDROELECTRICA PUMA S A', '10629874', 'bci', 'ESTADO 213 OFICINA 306', 'SANTIAGO', 'SANTIAGO', '', '', 'GENERACION HIDROELECTRICA'),
('LLEUQUEREO', '76281947-3', 'HIDROELECTRICA LLEUQUEREO S.A', '35416157', 'bci', 'SAN LORENCITO S /N SECTOR POBLACI?N SAN LORENCITO', 'QUILLECO', 'QUILLECO', '56-2-23471700', '', 'GENERACION HIDROELECTRICA'),
('LOS_GUINDOS', '76284294-7', 'LOS GUINDOS GENERACION SPA', '10649981', 'bci', 'AV. DEL PARQUE 4160, TORRE A PISO 3, HUECHURABA, SANTIAGO', 'HUECHURABA', 'SANTIAGO', '?2 25711500', '', 'GENERACION HIDROELECTRICA, GENERACION EN OTRAS CENTRALES TERMOELECTRICAS, DISTRIBUCION DE ENERGIA ELECTRICA'),
('LOS_LOROS', '76247976-1', 'SOLAIREDIRECT GENERACION V S.P.A.', '1407495124', '1', 'AVENIDA APOQUINDO 3600, PISO 17', 'LAS CONDES', 'SANTIAGO', '', '', 'GENERACION EN OTRAS CENTRALES N.C.P., TRANSMISION DE ENERGIA ELECTRICA, DISTRIBUCION DE ENERGIA ELECTRICA'),
('NUEVA DEGAN', '76265287-0', 'GENERACION DE ENERGIA NUEVA DEGAN SPA', '10667580', 'bci', 'CERRO EL PLOMO 5630 - PISO 14', 'LAS CONDES', 'SANTIAGO', '', '', 'GENERACION EN CENTRALES TERMOELECTRICA DE CICLOS COMBINADOS'),
('RASO_POWER', '76426029-5', 'ELECTRICA RASO POWER LIMITADA', '61704326', 'bci', 'AV. PASEO LOS BRAVOS 6000, OFICINA 321', 'LO BARNECHEA', 'SANTIAGO', '2 2447 9348', '', 'GENERACION EN OTRAS CENTRALES TERMOELECTRICAS, VENTA AL POR MAYOR DE COMBUSTIBLES LIQUIDOS, SERVICIOS DE INGENIERIA PRESTADOS POR EMPRESAS N.C.P.'),
('PUNTA_PALMERAS', '76106835-0', 'PUNTA PALMERAS S.A.', '70224062', 'santander', 'AV. APOQUINDO 4499, PISO 14', 'LAS CONDES', 'SANTIAGO', '', 'RRIVAS@ACCIONA.COM', 'GENERACION EN OTRAS CENTRALES N.C.P., SOCIEDADES DE INVERSION Y RENTISTAS DE CAPITALES MOBILIARIOS EN GENERA'),
('PUCLARO', '99589620-6', 'HIDROELECTRICA PUCLARO S.A.', '01-29209-9', 'bice', 'FELIX DE AMESTI 90 OFICINA 201', 'LAS CONDES', 'SANTIAGO', '56 2 916 8202', '', 'GENERACION EN OTRAS CENTRALES N.C.O., TRANSMISION DE ENERGIA ELECTRICA, DISTRIBUCION DE ENERGIA ELECTRICA'),
('SUNEDISON_CHILE', '76483827-0', 'ANTUKO GENERACI?N S.A.', '6977776-7', 'santander', 'JOAQUIN MONTERO 3000 OFICINA 301', 'VITACURA', 'SANTIAGO', '22 658 3246', '', 'OTRAS ACTIVIDADES EMPRESARIALES N.C.P'),
('AELA_EOLICA_NEGRETE', '76120744-K', 'AELA EOLICA NEGRETE S.P.A', '1499999298', '1', 'AV APOQUINDO N? 4700 PISO 17', 'LAS CONDES', 'SANTIAGO', '22 5923180', 'INFO@AELAENERGIA.CL', 'GENERACION EN OTRAS CENTRALES N.C.P., SOCIEDADES DE INVERSION Y RENTISTAS DE CAPITALES MOBILIARIOS EN GENERA'),
('ALBA', '76114239-9', 'ALBA S.A.', '31-0003280-4', '37', 'CERRO EL PLOMO 5630 OF. 503, LAS CONDES', 'LAS CONDES', 'LAS CONDES', 'None', 'MHELMKE@TRANSANTARTIC.COM', 'GENERACION EN OTRAS CENTRALES N.C.P'),
('AMANECER SOLAR', '76273559-8', 'AMANECER SOLAR SPA', '1499999395', '1', 'MAGDALENA 140 PISO 10 LAS CONDES C?DIGO POSTAL 7550104', 'LAS CONDES', 'LAS CONDES', '56226118300', 'JMICHELA@SUNEDISON.COM', 'GENERACION EN OTRAS CENTRALES N.C.P., OBRAS DE INGENIERIA, SERVICIOS DE INGENIERIA PRESTADOS POR EMPRESAS N.C.P.'),
('BARRICK', '96576920-K', 'COMPA??A BARRICK CHILE GENERACI?N LTDA', '000-11606-08', '1', 'RICARDO LYON 222 PISO 8 PROVIDENCIA', 'PROVIDENCIA', 'PROVIDENCIA', 'None', 'LPAVEZ@BARRICK.COM', 'GENERACION EN OTRAS CENTRALES N.P.8., TRANSMISION NC ENERGIA ELECTRICA, DISTRIBUCION NC ENERGIA ELECTRICA'),
('BIOCRUZ', '76171705-7', 'BIOCRUZ GENERACI?N S.A.', '000-96353-04', '1', 'ESTORIL, 50, OFICINA 601 LAS CONDES', 'LAS CONDES', 'LAS CONDES', '56222157731', 'GBRIONES@TOMAVAL.CL', 'GENERACION EN OTRAS CENTRALES N.C.P, TRANSMISION DE ENERGIA ELECTRICA'),
('CARRAN', '87886600-2', 'GANADERA Y FORESTAL CARRAN LIMITADA', '28-649392-34', '1', 'JOSE VICTORINO LASTARRIA 333 - SANTIAGO', 'SANTIAGO', 'SANTIAGO', '56226330802', 'ALVAROFLANO@CARRAN.CL', 'GENERACION EN OTRAS CENTRALES N.S.P., ACTIVIDADES  ASESORAMIENTO EMPRESARIAL Y EN MATERIA  GESTION, OTRAS ACTIVIDADES EMPRESARIALES N.S.P.'),
('COLLIL', '76246882-4', 'ENERG?A COLLIL S.A.', '271-03705-09', '1', 'RUTA 5 SUR KM 1170, CASTRO', 'CASTRO', 'CASTRO', '56652383776', 'JABRUNA@TANTAUCO.CL', 'GENERACION HIDROELECTRICA, TRANSMISION DE ENERGIA ELECTRICA'),
('COMMONPLACE', '76233264-7', 'COMMONPLACE ENERGY S.A.', '800-03327-02', '1', 'MART?N DE ZAMORA 6101. OF. 1, LAS CONDES, SANTIAGO', 'SANTIAGO', 'SANTIAGO', 'None', 'GGOMEZG2008@GMAIL.COM', 'GENERACION EN OTRAS CENTRALES N.C.P., DISTRIBUCION DE ENERGIA ELECTRICA, OBRAS DE INGENIERIA'),
('CONTRA', '76197204-9', 'EMPRESA EL?CTRICA CONTRA S.P.A.', '18002949', '28', 'REN? SORIANO 2661 OSORNO', 'OSORNO', 'OSORNO', '56642238025', 'EECONTRASPA@GMAIL.COM', 'GENERACION HIDROELECTRICA, TRANSMISION DE ENERGIA ELECTRICA, DISTRIBUCION DE ENERGIA ELECTRICA'),
('CURILEUFU', '84100300-4', 'SOCIEDAD AGR?COLA Y GANADERA CURILEUFU LTDA.', 'E-0435104-01', 'security', 'AV. APOQUINDO 4445, OF. 301, LAS CONDES', 'LAS CONDES', 'LAS CONDES', '56222078770', 'AECURI@TIE.CL', 'GENERACION EN OTRAS CENTRALES N.C.L., TRANSMISION DE ENERGIA ELECTRICA, DISTRIBUCION DE ENERGIA ELECTRICA'),
('DIUTO', '76074053-5', 'MINICENTRAL HIDROEL?CTRICA EL DIUTO LTDA.', '6012884', '28', 'MART?N DE ZAMORA 3621 ? APART. 182 (LAS CONDES)', 'LAS CONDES', 'LAS CONDES', '56432311198', 'LROVIRA@ENGIAUX.COM', 'GENERACION HIDROELECTRICA, SOCIEDADES DE INVERSION Y RENTISTAS DE CAPITALES MOBILIARIOS EN GENERA'),
('DONGO', '76015738-4', 'HIDROEL?CTRICA DONGO SPA', '53508184', 'corpbanca', 'AV. APOQUINDO 6275 OF. 51 ? LAS CONDES', 'LAS CONDES', 'LAS CONDES', '56226559470', 'KVSTORCH@NAVITASHYDRO.CL', 'GENERACION HIDROELECTRICA, ACTIVIDADES DE ASESORAMIENTO EMPRESARIAL Y EN MATERIA DE GESTION'),
('DONGUIL', '76086581-8', 'DONGUIL ENERG?A S.A.', '225-23285-05', '1', 'COCHRANE 635 EDIFICIO CENTRO PLAZA TORRE A OFICINA 704', 'SANTIAGO', 'SANTIAGO', '56412282221', 'JSMARCUS@JMS.CL', 'GENERACION HIDROELECTRICA, DISTRIBUCION DE ENERGIA ELECTRICA'),
('DOSAL', '84992400-1', 'DOSAL HNOS Y CIA LTDA', '54-0005656-1', '37', 'HUERTO MERCEDES CAROLINA SN TUTUQU?N. CASILLA 470 CURIC?', 'CURIC?', 'CURIC?', '56752310034', 'NARENAS@DOSAL.CL', 'GENERACION HIDROELECTRICA'),
('E_GENERACION', '76115484-2', 'EQUIPOS DE GENERACI?N S.A.', '54-0005656-1', '37', 'PANAMERICANA NORTE KM 1352, SECTOR LA NEGRA, ANTOFAGASTA', 'ANTOFAGASTA', 'ANTOFAGASTA', '56232239639', 'LUCAS.SANHUEZA@E-ONGROUP.CL', 'FABRICACION DE CEMENTO, CAL Y YESO, GENERACION EN OTRAS CENTRALES TERMOELECTRICAS'),
('EBCO_ATACAMA', '76382754-2', 'EBCO ATACAMA S.A.', '02-01941-8', '28', 'AV. SANTA MAR?A 2450, PROVIDENCIA', 'PROVIDENCIA', 'PROVIDENCIA', '56224644705', 'DWD@EBCOENERGIA.CL', 'GENERACION EN OTRAS CENTRALES N.C.P., TRANSMISION DE ENERGIA ELECTRICA, DISTRIBUCION DE ENERGIA ELECTRICA'),
('EBCO_ENERGIA', '76179054-4', 'EBCO ENERGIA S.A.', '01-30954-4', '', 'AV. SANTA MAR?A 2450', 'PROVIDENCIA', 'PROVIDENCIA', '#N/A', '#N/A', 'GENERACION HIDROELECTRICA, GENERACION EN OTRAS CENTRALES N.C.P., OTRAS ACTIVIDADES EMPRESARIALES N.C.P.'),
('EL MANZANO', '76803940-2', 'HIDROEL?CTRICA EL MANZANO S.A.', '1294997', '28', 'CLARO SOLAR 835 PISO 13, TEMUCO (045-2921840 - 045-2921848)', 'TEMUCO', 'TEMUCO', 'None', 'MARRIAGADA@HIDROMANZANO.CL', 'GENERACION EN OTRAS CENTRALES N.T.P., ACTIVIDADES UC ASESORAMIENTO EMPRESARIAL Y EN MATERIA UC GESTION, OTRAS ACTIVIDADES EMPRESARIALES N.T.P.'),
('ELEKTRAGEN', '76594660-3', 'ELEKTRA GENERACI?N S.A.', '225-23285-05', '1', 'ALC?NTARA 44 PISO 11 LAS CONDES', 'LAS CONDES', 'LAS CONDES', '56222287775', 'ALARENAS@ELEKTRAGEN.CL', 'GENERACION EN OTRAS CENTRALES N.C.L., TRANSMISION DE ENERGIA ELECTRICA, DISTRIBUCION DE ENERGIA ELECTRICA'),
('ENERBOSCH', '76028873-K', 'ENERBOSCH S.A.', '138-032-38-06', '1', 'MANQUEHUE SUR 520 ?OF:320 ?LAS CONDES', 'LAS CONDES', 'LAS CONDES', '56222455946', 'BAUTISTA.BOSCH@ENERBOSCH.CL', 'GENERACION HIDROELECTRICA, OBRAS DE INGENIERIA, SERVICIOS DE INGENIERIA PRESTADOS POR EMPRESAS N.C.P.'),
('ENERGIA_BIOBIO', '76365067-7', 'ENERGIA BIO BIO LIMITADA', '97-24901-72', '14', 'PEDRO AGUIRRE CERDA N? 1054', 'SAN PEDRO DE LA PAZ', 'SAN PEDRO DE LA PAZ', '56-41-2500233', '#N/A', 'GENERACION EN OTRAS CENTRALES TERMOELECTRICAS'),
('ENERGIA_LEON', '76166356-9', 'ENERG?A LE?N S.A.', '10635530', '16', 'LO PINTO LOTE B 5.2 SECTOR TROPEZ?N COELEMU', 'COELEMU', 'COELEMU', '56322475227', 'FCHILLAC@SICUTIGNIS.CL', 'GENERACION EN OTRAS CENTRALES N.C.P., SUMINISTRO DE VAPOR Y AGUA CALIENTE, OBRAS DE INGENIERIA'),
('ENERGIAS_DEL_FUTURO', '76272689-0', 'EERM ENERG?AS DEL FUTURO S.A:', '67-08741-0', '37', 'LOS PRESIDENTES 8912 CASA 95 CONDOMINIO LOS PARQUES DE PE?ALOLEN', 'PE?ALOLEN', 'PE?ALOLEN', 'None', 'D.ESPINOZA@ENERGIASDELFUTURO.CL', 'OTRAS ACTIVIDADES EMPRESARIALES N.C.P.'),
('HBS', '76856480-9', 'HBS ENERG?A S.A.', '000-18635-10', '1', 'ESTORIL, 50, OFICINA 601 LAS CONDES', 'LAS CONDES', 'LAS CONDES', '56222157731', 'GBRIONES@TOMAVAL.CL', 'GENERACION EN OTRAS CENTRALES N.C.O., TRANSMISION DE ENERGIA ELECTRICA, DISTRIBUCION DE ENERGIA ELECTRICA'),
('HIDROBONITO', '76079566-6', 'HIDROBONITO S.A.', '01-31177-8', '28', 'VITACURA 2969 OF. 902 LAS CONDES', 'LAS CONDES', 'LAS CONDES', '56232027360', 'ARTURO.LARRAIN@SCOTTA.CL', 'GENERACION HIDROELECTRICA, DISTRIBUCION DE ENERGIA ELECTRICA'),
('HIDROCALLAO', '76116436-8', 'HIDROCALLAO S.A.', '01-30697-9', '28', 'VITACURA 2969 OF. 902 LAS CONDES', 'LAS CONDES', 'LAS CONDES', '56232027360', 'ARTURO.LARRAIN@SCOTTA.CL', 'GENERACION HIDROELECTRICA'),
('HIDROELEC', '76019602-9', 'HIDROELEC S.A.', '00180-02804-09', '1', 'MANQUEHUE SUR N? 520, OFICINA 320, LAS CONDES', 'LAS CONDES', 'LAS CONDES', '56222455946', 'BAUTISTA.BOSCH@ENERBOSCH.CL', 'GENERACION HIDROELECTRICA'),
('HIDROELECTRICA SAN ANDRES', '76032641-0', 'HIDROEL?CTRICA SAN ANDR?S LIMITADA.', '1-403877-057', '1', 'PRESIDENTE RIESCO N? 5561, OFICINA 1904, LAS CONDES', 'LAS CONDES', 'LAS CONDES', '56228169100', 'INFOCDEC@HYDROCHILE.COM', 'GENERACION HIDROELECTRICA, GENERACION EN CENTRALES TERMOELECTRICA DE CICLOS COMBINADOS'),
('HIDROMUCHI', '76117705-2', 'HIDROMUCHI S.A.', '18-00273-6', '28', 'FRANCISCO BILBAO 1129 OF 1201, OSORNO', 'OSORNO', 'OSORNO', '56232027360', 'ARTURO.LARRAIN@SCOTTA.CL', 'GENERACION HIDROELECTRICA, TRANSMISION DE ENERGIA ELECTRICA'),
('HIDRONALCAS', '76116437-6', 'HIDRONALCAS S.A.', '01-30696-0', '28', 'VITACURA 2969 OF. 902 LAS CONDES', 'LAS CONDES', 'LAS CONDES', '56232027360', 'ARTURO.LARRAIN@SCOTTA.CL', 'GENERACION HIDROELECTRICA'),
('LAS_FLORES', '76210842-9', 'HIDROEL?CTRICA LAS FLORES S.A.', '01-31314-2', '28', 'AUGUSTO LEGU?A SUR 79, OF 808, LAS CONDES', 'LAS CONDES', 'LAS CONDES', '56222428595', 'JORGEWACHHOLTZM@GMAIL.COM', 'GENERACION HIDROELECTRICA'),
('LAS_PAMPAS', '76254294-3', 'BIO ENERG?A LAS PAMPAS SPA', '66621162', '37', 'EL BOSQUE NORTE 0123 OF. 601 LAS CONDES', 'LAS CONDES', 'LAS CONDES', '56222460808', 'ALEXDIAZ@GENERA-AUSTRAL.COM', 'GENERACION EN OTRAS CENTRALES N.C.P., TRANSMISION DE ENERGIA ELECTRICA, DISTRIBUCION DE ENERGIA ELECTRICA'),
('LICAN', '76375780-3', 'EMPRESA EL?CTRICA LIC?N S.A.', 'E-1638424-01', 'SECURITY', 'HERMANOS PHILLIPI 1268, COMUNA DE OSORNO', 'OSORNO', 'OSORNO', '56224141440', 'JAVIER.ROJAS@MATRIZENERGIA.CL', 'GENERACION HIDROELECTRICA, TRANSMISION DE ENERGIA ELECTRICA, DISTRIBUCION DE ENERGIA ELECTRICA'),
('LOMAS_COLORADAS', '76284911-9', 'PSF LOMAS COLORADAS S.A.', '67-15491-6', '37', 'MAR DEL PLATA 2111, PROVIDENCIA', 'PROVIDENCIA', 'PROVIDENCIA', '56223727395', 'CBRAVO@COENER.CL', 'GENERACION EN OTRAS CENTRALES N.C.P.'),
('LOS MORROS', '95177000-0', 'CIA EL?CTRICA LOS MORROS S.A.', 'E-1710532-01', 'SECURITY', 'CERRO EL PLOMO 5630 OFICINA 402 TORRE 8 EDIFICIO DE LAS ARTES LAS CONDES', 'LAS CONDES', 'LAS CONDES', 'None', 'LSOTO.CAVANCHA@GMAIL.COM', 'GENERACION EN OTRAS CENTRALES N.C.L., TRANSMISION DE ENERGIA ELECTRICA, DISTRIBUCION DE ENERGIA ELECTRICA'),
('LOS_PADRES', '76248798-5', 'LOS PADRES HIDRO SPA', '6661056-0', '37', 'AV. AM?RICO VESPUCIO NORTE 1090 OF. 1401 A SANTIAGO', 'SANTIAGO', 'SANTIAGO', '56642540126', 'NGA@IYAGAN.CL', 'GENERACION HIDROELECTRICA, TRANSMISION DE ENERGIA ELECTRICA, DISTRIBUCION DE ENERGIA ELECTRICA'),
('MAISAN', '76319759-K', 'HIDROELECTRICA MAISAN S.P.A.', '800-12240-02', '1', 'MANQUEHUE SUR 520 OFICINA 320', 'LAS CONDES', 'LAS CONDES', '22455946', '#N/A', 'GENERACION HIDROELECTRICA'),
('MAPOCHO TREBAL', '76078231-9', 'EMPRESA DEPURADORA DE AGUAS SERVIDA MAPOCHO TREBA LIMITADA', '000-87547-03', '1', 'ALONSO DE C?RDOVA N? 5151 OFICINA 901 LAS CONDES', 'LAS CONDES', 'LAS CONDES', '56229285629', 'FMARTINEZB@EDAM.CL', 'OBRAS MENORES EN CONSTRUCCION (CONTRATISTAS, ALBANILES, CARPINTEROS),OTRAS ACTIVIDADES EMPRESARIALES N.C.P.'),
('NORVIND', '76919070-8', 'NORVID S.A.', '205640797', 'ITAU', 'CERRO EL PLOMO 5680, OF.1202, LAS CONDES', 'LAS CONDES', 'LAS CONDES', '56228203265', 'MARCELO.RUBIO@LATAMPOWER.COM', 'GENERACION EN OTRAS CENTRALES N.C.L., TRANSMISION DE ENERGIA ELECTRICA, DISTRIBUCION DE ENERGIA ELECTRICA'),
('PAMA', '76284903-8', 'PSF PAMA S.A.', '67-15528-9', '37', 'MAR DEL PLATA 2111, PROVIDENCIA', 'PROVIDENCIA', 'PROVIDENCIA', '56223727395', 'CBRAVO@COENER.CL', 'GENERACION EN OTRAS CENTRALES N.C.P.'),
('PICHILONCO', '76257412-8', 'HIDROEL?CTRICA PICHILONCO S.A.', 'E-1588400-01', 'SECURITY', 'AV. SANTA MAR?A 2450, PISO 2, PROVIDENCIA', 'PROVIDENCIA', 'PROVIDENCIA', '56224644705', 'FOD@EBCOENERGIA.CL', 'GENERACION HIDROELECTRICA,OTRAS ACTIVIDADES EMPRESARIALES N.C.P.'),
('PUNTILLA', '96817230-1', 'EL?CTRICA PUNTILLA S.A.', '406-00307-06', '1', 'ORINOCO 90 TORRE 1 PISO 11 LAS CONDES', 'LAS CONDES', 'LAS CONDES', 'None', 'GERENCIA.COMERCIAL@ELECTRICAPUNTILLA.CL', 'GENERACION EN OTRAS CENTRALES N.C.L., TRANSMISION DE ENERGIA ELECTRICA, DISTRIBUCION DE ENERGIA ELECTRICA'),
('RIO_PUMA', '76285793-6', 'EMPRESA EL?CTRICA R?O PUMA S.A.', '23-00072-5', '28', 'REN? SORIANO 2661 OSORNO', 'OSORNO', 'OSORNO', '56642238025', 'EECONTRASPA@GMAIL.COM', 'GENERACION HIDROELECTRICA, GENERACION EN OTRAS CENTRALES N.C.P., DISTRIBUCION DE ENERGIA ELECTRICA'),
('ROBLERIA', '76051263-K', 'GENERADORA EL?CTRICA ROBLER?A LTDA.', '65-46194-3', '37', 'ESTORIL 200 DEPTO 720 LAS CONDES', 'LAS CONDES', 'LAS CONDES', '56226696873', 'ROBLERIA@NEOZET.COM', 'GENERACION HIDROELECTRICA, VENTA AL POR MAYOR DE MATERIALES DE CONSTRUCCION, ARTICULOS DE FERRETE'),
('SAN_ANDRES_SPA', '76273569-5', 'SAN ANDR?S SPA', '140716806-9', '1', 'AVDA. EL GOLF 82 PISO 5 LAS CONDES', 'LAS CONDES', 'LAS CONDES', 'None', 'APACHO@SANANDRES-SOLAR.CL', 'CONSTRUCCION EXPLOTACION MANTENIMIENTO P'),
('SANTA IRENE', '76254271-4', 'BIO ENERG?A SANTA IRENE SPA', '66619303', '37', 'EL BOSQUE NORTE 0123 OF. 601 LAS CONDES', 'LAS CONDES', 'LAS CONDES', '56222460808', 'ALEXDIAZ@GENERA-AUSTRAL.COM', 'GENERACION EN OTRAS CENTRALES N.C.P., TRANSMISION DE ENERGIA ELECTRICA, DISTRIBUCION DE ENERGIA ELECTRICA'),
('SANTAMARTA', '96828810-5', 'CONSORCIO SANTA MARTA S.A.', '188-03063-08', '1', 'AVDA. GENERAL VEL?SQUEZ 8990 SAN BERNARDO', 'SAN BERNARDO', 'SAN BERNARDO', '56225921059', 'CERNC-DO@CSMARTA.CL', 'GENERACION EN OTRAS CENTRALES N.B.S., TRANSMISION NA ENERGIA ELECTRICA, DISTRIBUCION NA ENERGIA ELECTRICA'),
('SOLAIREDIRECT', '76169132-5', 'SOLAIREDIRECT GENERACION ANDACOLLO SPA', '0-405797054', '1', 'APOQUINDO N? 3600 PISO N? 17', 'LAS CONDES', 'LAS CONDES', '#N/A', '#N/A', 'GENERACION HIDROELECTRICA, TRANSMISION DE ENERGIA ELECTRICA, DISTRIBUCION DE ENERGIA ELECTRICA'),
('SUBSOLE', '76213023-8', 'SUBSOLE ENERG?AS RENOVABLES LTDA.', '67-52807-7', '37', 'AV. LUIS PASTEUR 5661, VITACURA SANTIAGO', 'VITACURA', 'VITACURA', 'None', 'JOLGUIN@SUBSOLE.COM', 'GENERACION EN OTRAS CENTRALES N.C.P.'),
('TAMM', '86579500-9', 'ROBERTO TAMM Y CIA LTDA.', '208-02271-06', '1', 'FUNDO RINCONADA S/N TINGUIRIRICA, CHIMBARONGO', 'CHIMBARONGO', 'CHIMBARONGO', 'None', 'ATAMM@ENTELCHILE.CL', 'GENERACION EN OTRAS CENTRALES N.C.C., TRANSMISION ON ENERGIA ELECTRICA, DISTRIBUCION ON ENERGIA ELECTRICA'),
('TOMAVAL', '76140623-K', 'TOMAVAL GENERACION S.A.', '000-92127-00', '1', 'ESTORIL #50 OF 601 PISO 6', 'LAS CONDES', 'LAS CONDES', '22 2157731', '#N/A', 'GENERACION EN OTRAS CENTRALES N.C.P., TRANSMISION DE ENERGIA ELECTRICA'),
('UCUQUER', '76152252-3', 'ENERG?AS UCUQUER S.A.', '000-94380-00', '1', 'MAR DEL PLATA N? 2111, PROVIDENCIA', 'PROVIDENCIA', 'PROVIDENCIA', '56223727395', 'CBRAVO@COENER.CL', 'GENERACION EN OTRAS CENTRALES N.C.P.'),
('UCUQUER_DOS', '76319372-1', 'ENERG?AS UCUQUER DOS S.A.', '800-03592-05', '1', 'MAR DEL PLATA N? 2111, PROVIDENCIA', 'PROVIDENCIA', 'PROVIDENCIA', '56223727395', 'CBRAVO@COENER.CL', 'GENERACION EN OTRAS CENTRALES N.C.P.'),
('ENDESA (CELTA)', '96770940-9', 'COMPA?IA ELECTRICA TARAPACA S.A', '01-12478-1', '37', 'SANTA ROSA N? 76, PISO 13', 'SANTIAGO', 'SANTIAGO', '#N/A', '#N/A', 'GENERACION EN OTRAS CENTRALES N.S.P., TRANSMISION  ENERGIA ELECTRICA, DISTRIBUCION  ENERGIA ELECTRICA'),
('SPVP4', '76201449-1', 'SPV P4 S.A', '70429772', '37', 'EL BOSQUE CENTRAL 42 PISO 6', 'LAS CONDES', 'LAS CONDES', '562 224 961 004', '#N/A', 'GENERACION EN OTRAS CENTRALES N.C.P.');

-- --------------------------------------------------------

--
-- Estructura de tabla para la tabla `empresa_transaccion`
--

CREATE TABLE IF NOT EXISTS `empresa_transaccion` (
  `id` int(11) NOT NULL AUTO_INCREMENT,
  `id_transaccion` int(2) NOT NULL,
  `id_empresa` varchar(100) NOT NULL,
  `periodo` varchar(20) NOT NULL,
  `monto` decimal(15,2) NOT NULL,
  PRIMARY KEY (`id`)
) ENGINE=MyISAM  DEFAULT CHARSET=latin1 AUTO_INCREMENT=1798 ;

--
-- Volcar la base de datos para la tabla `empresa_transaccion`
--

INSERT INTO `empresa_transaccion` (`id`, `id_transaccion`, `id_empresa`, `periodo`, `monto`) VALUES
(1, 28, 'AELA_EOLICA_NEGRETE', '2016-02', '103.40'),
(2, 28, 'ALBA', '2016-02', '166.78'),
(3, 28, 'ALLIPEN', '2016-02', '0.19'),
(4, 28, 'ALMEYDA', '2016-02', '27.79'),
(5, 28, 'AMANECER SOLAR', '2016-02', '384.36'),
(6, 28, 'ARAUCO BIO', '2016-02', '1670.67'),
(7, 28, 'ARRAYAN', '2016-02', '0.69'),
(8, 28, 'BARRICK', '2016-02', '181.00'),
(9, 28, 'BIOCRUZ', '2016-02', '9.18'),
(10, 28, 'CAPULLO', '2016-02', '70.54'),
(11, 28, 'CARDONES SA', '2016-02', '2640.52'),
(12, 28, 'CARRAN', '2016-02', '2.74'),
(13, 28, 'CHACAYES', '2016-02', '1156.10'),
(14, 28, 'COLBUN', '2016-02', '2270.01'),
(15, 28, 'COLIHUES', '2016-02', '203.26'),
(16, 28, 'COLLIL', '2016-02', '54.94'),
(17, 28, 'COMASA', '2016-02', '256.80'),
(18, 28, 'COMMONPLACE', '2016-02', '6.92'),
(19, 28, 'CONTRA', '2016-02', '1.48'),
(20, 28, 'CURILEUFU', '2016-02', '1.17'),
(21, 28, 'DEI DUQUECO', '2016-02', '762.95'),
(22, 28, 'DIUTO', '2016-02', '24.34'),
(23, 28, 'DONGO', '2016-02', '48.77'),
(24, 28, 'DONGUIL', '2016-02', '1.16'),
(25, 28, 'DOSAL', '2016-02', '1.26'),
(26, 28, 'DUKE ENERGY', '2016-02', '1868.25'),
(27, 28, 'E_GENERACION', '2016-02', '147.06'),
(28, 28, 'EBCO_ATACAMA', '2016-02', '5.59'),
(29, 28, 'EBCO_ENERGIA', '2016-02', '3.02'),
(30, 28, 'EL CANELO', '2016-02', '15.97'),
(31, 28, 'EL MANZANO', '2016-02', '35.35'),
(32, 28, 'ELEKTRAGEN', '2016-02', '440.40'),
(33, 28, 'EMELDA', '2016-02', '381.63'),
(34, 28, 'ENERBOSCH', '2016-02', '7.35'),
(35, 28, 'ENERGIA PACIFICO', '2016-02', '100.10'),
(36, 28, 'ENERGIA_BIOBIO', '2016-02', '58.55'),
(37, 28, 'ENERGIA_LEON', '2016-02', '31.28'),
(38, 28, 'ENERGIAS_DEL_FUTURO', '2016-02', '0.10'),
(39, 28, 'ENLASA', '2016-02', '3383.49'),
(40, 28, 'EOLICA_TALTAL', '2016-02', '312.30'),
(41, 28, 'ESPINOS', '2016-02', '2912.09'),
(42, 28, 'ESTANCILLA SPA', '2016-02', '29.73'),
(43, 28, 'GAS SUR', '2016-02', '4.05'),
(44, 28, 'GEN. INDUSTRIAL', '2016-02', '18.33'),
(45, 28, 'GENERHOM', '2016-02', '24.94'),
(46, 28, 'GENPAC', '2016-02', '1494.86'),
(47, 28, 'GESAN', '2016-02', '5.28'),
(48, 28, 'GUACOLDA', '2016-02', '1093.27'),
(49, 28, 'HBS', '2016-02', '5.57'),
(50, 28, 'HIDROANGOL', '2016-02', '29.75'),
(51, 28, 'HIDROBONITO', '2016-02', '46.29'),
(52, 28, 'HIDROCALLAO', '2016-02', '18.15'),
(53, 28, 'HIDROELEC', '2016-02', '6.48'),
(54, 28, 'HIDROELECTRICA SAN ANDRES', '2016-02', '62.17'),
(55, 28, 'HIDROLIRCAY', '2016-02', '36.91'),
(56, 28, 'HIDROMAULE', '2016-02', '113.12'),
(57, 28, 'HIDROMUCHI', '2016-02', '4.71'),
(58, 28, 'HIDRONALCAS', '2016-02', '21.68'),
(59, 28, 'HIDROPROVIDENCIA', '2016-02', '122.15'),
(60, 28, 'KALTEMP', '2016-02', '4.88'),
(61, 28, 'LA ARENA SPA', '2016-02', '15.88'),
(62, 28, 'LA CONFLUENCIA', '2016-02', '566.86'),
(63, 28, 'LAS_FLORES', '2016-02', '12.39'),
(64, 28, 'LAS_PAMPAS', '2016-02', '3.01'),
(65, 28, 'LICAN', '2016-02', '200.11'),
(66, 28, 'LLEUQUEREO', '2016-02', '2.52'),
(67, 28, 'LOMAS_COLORADAS', '2016-02', '3.77'),
(68, 28, 'LOS MORROS', '2016-02', '14.25'),
(69, 28, 'LOS_CURUROS', '2016-02', '354.46'),
(70, 28, 'LOS_GUINDOS', '2016-02', '593.27'),
(71, 28, 'LOS_PADRES', '2016-02', '6.15'),
(72, 28, 'MAISAN', '2016-02', '1.52'),
(73, 28, 'MAPOCHO TREBAL', '2016-02', '28.13'),
(74, 28, 'MARIA_ELENA', '2016-02', '1.82'),
(75, 28, 'NORVIND', '2016-02', '102.99'),
(76, 28, 'NUEVA DEGAN', '2016-02', '131.92'),
(77, 28, 'PAMA', '2016-02', '3.64'),
(78, 28, 'PEHUI', '2016-02', '8.87'),
(79, 28, 'PICHILONCO', '2016-02', '6.71'),
(80, 28, 'PUCLARO', '2016-02', '45.05'),
(81, 28, 'PUNTA_PALMERAS', '2016-02', '116.80'),
(82, 28, 'PUNTILLA', '2016-02', '131.79'),
(83, 28, 'PV_SALVADOR', '2016-02', '119.38'),
(84, 28, 'RIO HUASCO', '2016-02', '80.97'),
(85, 28, 'RIO_PUMA', '2016-02', '1.80'),
(86, 28, 'ROBLERIA', '2016-02', '13.33'),
(87, 28, 'RUCATAYO', '2016-02', '578.23'),
(88, 28, 'SAN_ANDRES_SPA', '2016-02', '202.01'),
(89, 28, 'SANTA IRENE', '2016-02', '3.32'),
(90, 28, 'SANTAMARTA', '2016-02', '166.44'),
(91, 28, 'SGA', '2016-02', '412.69'),
(92, 28, 'SOLAIREDIRECT', '2016-02', '2.45'),
(93, 28, 'SUBSOLE', '2016-02', '0.96'),
(94, 28, 'SUNEDISON_CHILE', '2016-02', '3.54'),
(95, 28, 'SWC', '2016-02', '342.32'),
(96, 28, 'TALINAY', '2016-02', '263.50'),
(97, 28, 'TAMM', '2016-02', '1.15'),
(98, 28, 'TOMAVAL', '2016-02', '15.17'),
(99, 28, 'TRANSCHILE', '2016-02', '15.14'),
(100, 28, 'UCUQUER', '2016-02', '23.21'),
(101, 28, 'UCUQUER_DOS', '2016-02', '43.39'),
(102, 28, 'AELA_EOLICA_NEGRETE', '2016-01', '29.38'),
(103, 28, 'ALBA', '2016-01', '47.20'),
(104, 28, 'ALLIPEN', '2016-01', '0.07'),
(105, 28, 'ALMEYDA', '2016-01', '7.80'),
(106, 28, 'AMANECER SOLAR', '2016-01', '107.40'),
(107, 28, 'ARAUCO BIO', '2016-01', '468.17'),
(108, 28, 'ARRAYAN', '2016-01', '0.19'),
(109, 28, 'BARRICK', '2016-01', '50.76'),
(110, 28, 'BIOCRUZ', '2016-01', '2.58'),
(111, 28, 'CAPULLO', '2016-01', '19.54'),
(112, 28, 'CARDONES SA', '2016-01', '740.81'),
(113, 28, 'CARRAN', '2016-01', '0.76'),
(114, 28, 'CHACAYES', '2016-01', '319.63'),
(115, 28, 'COLBUN', '2016-01', '678.05'),
(116, 28, 'COLIHUES', '2016-01', '57.11'),
(117, 28, 'COLLIL', '2016-01', '15.56'),
(118, 28, 'COMASA', '2016-01', '72.72'),
(119, 28, 'COMMONPLACE', '2016-01', '2.02'),
(120, 28, 'CONTRA', '2016-01', '0.42'),
(121, 28, 'CURILEUFU', '2016-01', '0.33'),
(122, 28, 'DEI DUQUECO', '2016-01', '214.91'),
(123, 28, 'DIUTO', '2016-01', '6.81'),
(124, 28, 'DONGO', '2016-01', '13.77'),
(125, 28, 'DONGUIL', '2016-01', '0.32'),
(126, 28, 'DOSAL', '2016-01', '0.35'),
(127, 28, 'DUKE ENERGY', '2016-01', '524.15'),
(128, 28, 'E_GENERACION', '2016-01', '41.34'),
(129, 28, 'EBCO_ATACAMA', '2016-01', '1.56'),
(130, 28, 'EBCO_ENERGIA', '2016-01', '0.84'),
(131, 28, 'EL CANELO', '2016-01', '4.48'),
(132, 28, 'EL MANZANO', '2016-01', '9.89'),
(133, 28, 'ELEKTRAGEN', '2016-01', '123.52'),
(134, 28, 'EMELDA', '2016-01', '105.54'),
(135, 28, 'ENERBOSCH', '2016-01', '2.03'),
(136, 28, 'ENERGIA PACIFICO', '2016-01', '28.87'),
(137, 28, 'ENERGIA_BIOBIO', '2016-01', '16.41'),
(138, 28, 'ENERGIA_LEON', '2016-01', '8.89'),
(139, 28, 'ENERGIAS_DEL_FUTURO', '2016-01', '0.03'),
(140, 28, 'ENLASA', '2016-01', '951.17'),
(141, 28, 'EOLICA_TALTAL', '2016-01', '86.75'),
(142, 28, 'ESPINOS', '2016-01', '817.42'),
(143, 28, 'ESTANCILLA SPA', '2016-01', '8.34'),
(144, 28, 'GAS SUR', '2016-01', '0.46'),
(145, 28, 'GEN. INDUSTRIAL', '2016-01', '5.14'),
(146, 28, 'GENERHOM', '2016-01', '6.93'),
(147, 28, 'GENPAC', '2016-01', '419.39'),
(148, 28, 'GESAN', '2016-01', '1.48'),
(149, 28, 'GUACOLDA', '2016-01', '494.60'),
(150, 28, 'HBS', '2016-01', '1.57'),
(151, 28, 'HIDROANGOL', '2016-01', '8.27'),
(152, 28, 'HIDROBONITO', '2016-01', '12.89'),
(153, 28, 'HIDROCALLAO', '2016-01', '5.09'),
(154, 28, 'HIDROELEC', '2016-01', '1.82'),
(155, 28, 'HIDROELECTRICA SAN ANDRES', '2016-01', '17.21'),
(156, 28, 'HIDROLIRCAY', '2016-01', '10.83'),
(157, 28, 'HIDROMAULE', '2016-01', '31.51'),
(158, 28, 'HIDROMUCHI', '2016-01', '1.32'),
(159, 28, 'HIDRONALCAS', '2016-01', '6.08'),
(160, 28, 'HIDROPROVIDENCIA', '2016-01', '34.30'),
(161, 28, 'KALTEMP', '2016-01', '1.42'),
(162, 28, 'LA ARENA SPA', '2016-01', '5.56'),
(163, 28, 'LA CONFLUENCIA', '2016-01', '158.70'),
(164, 28, 'LAS_FLORES', '2016-01', '3.45'),
(165, 28, 'LAS_PAMPAS', '2016-01', '0.84'),
(166, 28, 'LICAN', '2016-01', '56.03'),
(167, 28, 'LLEUQUEREO', '2016-01', '0.71'),
(168, 28, 'LOMAS_COLORADAS', '2016-01', '1.07'),
(169, 28, 'LOS MORROS', '2016-01', '3.94'),
(170, 28, 'LOS_CURUROS', '2016-01', '99.35'),
(171, 28, 'LOS_GUINDOS', '2016-01', '166.88'),
(172, 28, 'LOS_PADRES', '2016-01', '1.72'),
(173, 28, 'MAISAN', '2016-01', '0.42'),
(174, 28, 'MAPOCHO TREBAL', '2016-01', '7.87'),
(175, 28, 'MARIA_ELENA', '2016-01', '0.51'),
(176, 28, 'NORVIND', '2016-01', '28.95'),
(177, 28, 'NUEVA DEGAN', '2016-01', '37.05'),
(178, 28, 'PAMA', '2016-01', '1.03'),
(179, 28, 'PEHUI', '2016-01', '2.54'),
(180, 28, 'PICHILONCO', '2016-01', '1.89'),
(181, 28, 'PUCLARO', '2016-01', '13.01'),
(182, 28, 'PUNTA_PALMERAS', '2016-01', '32.77'),
(183, 28, 'PUNTILLA', '2016-01', '36.21'),
(184, 28, 'PV_SALVADOR', '2016-01', '33.40'),
(185, 28, 'RIO HUASCO', '2016-01', '22.72'),
(186, 28, 'RIO_PUMA', '2016-01', '0.50'),
(187, 28, 'ROBLERIA', '2016-01', '3.75'),
(188, 28, 'RUCATAYO', '2016-01', '160.52'),
(189, 28, 'SAN_ANDRES_SPA', '2016-01', '56.66'),
(190, 28, 'SANTA IRENE', '2016-01', '0.94'),
(191, 28, 'SANTAMARTA', '2016-01', '46.44'),
(192, 28, 'SGA', '2016-01', '115.63'),
(193, 28, 'SOLAIREDIRECT', '2016-01', '0.69'),
(194, 28, 'SUBSOLE', '2016-01', '0.27'),
(195, 28, 'SUNEDISON_CHILE', '2016-01', '1.21'),
(196, 28, 'SWC', '2016-01', '96.04'),
(197, 28, 'TALINAY', '2016-01', '74.26'),
(198, 28, 'TAMM', '2016-01', '0.32'),
(199, 28, 'TOMAVAL', '2016-01', '4.27'),
(200, 28, 'TRANSCHILE', '2016-01', '4.25'),
(201, 28, 'UCUQUER', '2016-01', '6.58'),
(202, 28, 'UCUQUER_DOS', '2016-01', '12.29'),
(203, 28, 'AELA_EOLICA_NEGRETE', '2016-03', '84.82'),
(204, 28, 'ALBA', '2016-03', '130.05'),
(205, 28, 'ALLIPEN', '2016-03', '2.76'),
(206, 28, 'AMANECER SOLAR', '2016-03', '334.11'),
(207, 28, 'ARAUCO BIO', '2016-03', '1337.50'),
(208, 28, 'ARRAYAN', '2016-03', '0.56'),
(209, 28, 'BARRICK', '2016-03', '152.82'),
(210, 28, 'BIOBIO_NEGRETE', '2016-03', '4.31'),
(211, 28, 'BIOCRUZ', '2016-03', '6.84'),
(212, 28, 'CAPULLO', '2016-03', '58.60'),
(213, 28, 'CARDONES SA', '2016-03', '2160.12'),
(214, 28, 'CARRAN', '2016-03', '2.24'),
(215, 28, 'CHACAYES', '2016-03', '634.01'),
(216, 28, 'COLBUN', '2016-03', '959.91'),
(217, 28, 'COLIHUES', '2016-03', '153.69'),
(218, 28, 'COLLIL', '2016-03', '43.77'),
(219, 28, 'COMASA', '2016-03', '281.83'),
(220, 28, 'COMMONPLACE', '2016-03', '4.91'),
(221, 28, 'CONTRA', '2016-03', '1.20'),
(222, 28, 'CURILEUFU', '2016-03', '0.95'),
(223, 28, 'DEI DUQUECO', '2016-03', '607.86'),
(224, 28, 'DIUTO', '2016-03', '13.89'),
(225, 28, 'DONGO', '2016-03', '39.61'),
(226, 28, 'DONGUIL', '2016-03', '0.96'),
(227, 28, 'DOSAL', '2016-03', '1.04'),
(228, 28, 'DUKE ENERGY', '2016-03', '1586.65'),
(229, 28, 'E_GENERACION', '2016-03', '99.68'),
(230, 28, 'EBCO_ATACAMA', '2016-03', '7.25'),
(231, 28, 'EBCO_ENERGIA', '2016-03', '2.84'),
(232, 28, 'EL CANELO', '2016-03', '15.46'),
(233, 28, 'EL MANZANO', '2016-03', '29.00'),
(234, 28, 'ELEKTRAGEN', '2016-03', '359.76'),
(235, 28, 'EMELDA', '2016-03', '307.74'),
(236, 28, 'ENERBOSCH', '2016-03', '6.07'),
(237, 28, 'ENERGIA PACIFICO', '2016-03', '54.21'),
(238, 28, 'ENERGIA_BIOBIO', '2016-03', '48.78'),
(239, 28, 'ENERGIA_LEON', '2016-03', '21.43'),
(240, 28, 'ENERGIAS_DEL_FUTURO', '2016-03', '0.07'),
(241, 28, 'ENLASA', '2016-03', '2769.82'),
(242, 28, 'EOLICA_TALTAL', '2016-03', '338.15'),
(243, 28, 'ESPINOS', '2016-03', '2376.07'),
(244, 28, 'ESTANCILLA SPA', '2016-03', '24.20'),
(245, 28, 'GEN. INDUSTRIAL', '2016-03', '14.96'),
(246, 28, 'GENERHOM', '2016-03', '19.60'),
(247, 28, 'GENPAC', '2016-03', '1228.94'),
(248, 28, 'GESAN', '2016-03', '4.56'),
(249, 28, 'GUACOLDA', '2016-03', '786.88'),
(250, 28, 'HBS', '2016-03', '4.34'),
(251, 28, 'HIDROANGOL', '2016-03', '24.46'),
(252, 28, 'HIDROBONITO', '2016-03', '37.90'),
(253, 28, 'HIDROCALLAO', '2016-03', '14.85'),
(254, 28, 'HIDROELEC', '2016-03', '5.07'),
(255, 28, 'HIDROELECTRICA SAN ANDRES', '2016-03', '53.56'),
(256, 28, 'HIDROLIRCAY', '2016-03', '30.28'),
(257, 28, 'HIDROMAULE', '2016-03', '93.49'),
(258, 28, 'HIDROMUCHI', '2016-03', '3.84'),
(259, 28, 'HIDRONALCAS', '2016-03', '17.75'),
(260, 28, 'HIDROPROVIDENCIA', '2016-03', '99.29'),
(261, 28, 'KALTEMP', '2016-03', '2.93'),
(262, 28, 'LA ARENA SPA', '2016-03', '14.70'),
(263, 28, 'LA CONFLUENCIA', '2016-03', '474.77'),
(264, 28, 'LAS_FLORES', '2016-03', '10.14'),
(265, 28, 'LAS_PAMPAS', '2016-03', '2.50'),
(266, 28, 'LICAN', '2016-03', '163.91'),
(267, 28, 'LLEUQUEREO', '2016-03', '2.06'),
(268, 28, 'LOMAS_COLORADAS', '2016-03', '3.32'),
(269, 28, 'LOS MORROS', '2016-03', '11.77'),
(270, 28, 'LOS_CURUROS', '2016-03', '256.40'),
(271, 28, 'LOS_GUINDOS', '2016-03', '478.39'),
(272, 28, 'LOS_PADRES', '2016-03', '4.75'),
(273, 28, 'MAISAN', '2016-03', '1.25'),
(274, 28, 'MALLARAUCO', '2016-03', '26.07'),
(275, 28, 'MAPOCHO TREBAL', '2016-03', '5.69'),
(276, 28, 'MARIA_ELENA', '2016-03', '1.50'),
(277, 28, 'NORVIND', '2016-03', '85.98'),
(278, 28, 'NUEVA DEGAN', '2016-03', '101.68'),
(279, 28, 'PAMA', '2016-03', '3.48'),
(280, 28, 'PEHUENCHE', '2016-03', '376.34'),
(281, 28, 'PEHUI', '2016-03', '7.25'),
(282, 28, 'PICHILONCO', '2016-03', '5.51'),
(283, 28, 'PUCLARO', '2016-03', '40.04'),
(284, 28, 'PUNTA_PALMERAS', '2016-03', '125.54'),
(285, 28, 'PUNTILLA', '2016-03', '110.95'),
(286, 28, 'PV_SALVADOR', '2016-03', '67.75'),
(287, 28, 'RIO HUASCO', '2016-03', '65.90'),
(288, 28, 'RIO_PUMA', '2016-03', '1.47'),
(289, 28, 'ROBLERIA', '2016-03', '11.60'),
(290, 28, 'RUCATAYO', '2016-03', '470.81'),
(291, 28, 'SAN_ANDRES_SPA', '2016-03', '161.81'),
(292, 28, 'SANTA IRENE', '2016-03', '2.62'),
(293, 28, 'SANTAMARTA', '2016-03', '129.98'),
(294, 28, 'SGA', '2016-03', '373.26'),
(295, 28, 'SOLAIREDIRECT', '2016-03', '1.73'),
(296, 28, 'SUBSOLE', '2016-03', '0.54'),
(297, 28, 'SUNEDISON_CHILE', '2016-03', '3.59'),
(298, 28, 'SWC', '2016-03', '279.80'),
(299, 28, 'TALINAY', '2016-03', '200.02'),
(300, 28, 'TAMM', '2016-03', '0.80'),
(301, 28, 'TECNORED', '2016-03', '10.39'),
(302, 28, 'TOMAVAL', '2016-03', '11.67'),
(303, 28, 'TRANSCHILE', '2016-03', '12.22'),
(304, 28, 'UCUQUER', '2016-03', '19.24'),
(305, 28, 'UCUQUER_DOS', '2016-03', '36.58'),
(306, 28, 'WENKE', '2016-03', '0.65'),
(307, 28, 'AELA_EOLICA_NEGRETE', '2016-04', '2.70'),
(308, 28, 'AJTE', '2016-04', '5.68'),
(309, 28, 'ALBA', '2016-04', '1.87'),
(310, 28, 'ALMEYDA', '2016-04', '0.79'),
(311, 28, 'AMANECER SOLAR', '2016-04', '18.93'),
(312, 28, 'ARAUCO BIO', '2016-04', '48.56'),
(313, 28, 'ARRAYAN', '2016-04', '0.03'),
(314, 28, 'BARRICK', '2016-04', '7.37'),
(315, 28, 'BE FORESTALES', '2016-04', '12.51'),
(316, 28, 'BELLAVISTA', '2016-04', '0.26'),
(317, 28, 'BIOCRUZ', '2016-04', '0.40'),
(318, 28, 'CAPULLO', '2016-04', '2.03'),
(319, 28, 'CARDONES SA', '2016-04', '94.25'),
(320, 28, 'CARRAN', '2016-04', '0.13'),
(321, 28, 'CHACAYES', '2016-04', '38.40'),
(322, 28, 'COLBUN', '2016-04', '9.40'),
(323, 28, 'COLIHUES', '2016-04', '7.04'),
(324, 28, 'COLLIL', '2016-04', '2.62'),
(325, 28, 'COMASA', '2016-04', '11.93'),
(326, 28, 'COMMONPLACE', '2016-04', '0.29'),
(327, 28, 'CONTRA', '2016-04', '0.07'),
(328, 28, 'CURILEUFU', '2016-04', '0.09'),
(329, 28, 'DEI DUQUECO', '2016-04', '23.13'),
(330, 28, 'DIUTO', '2016-04', '1.22'),
(331, 28, 'DONGO', '2016-04', '1.66'),
(332, 28, 'DONGUIL', '2016-04', '0.09'),
(333, 28, 'DOSAL', '2016-04', '0.12'),
(334, 28, 'DUKE ENERGY', '2016-04', '66.81'),
(335, 28, 'E_GENERACION', '2016-04', '4.79'),
(336, 28, 'EBCO_ATACAMA', '2016-04', '0.37'),
(337, 28, 'EBCO_ENERGIA', '2016-04', '0.15'),
(338, 28, 'EL CANELO', '2016-04', '0.71'),
(339, 28, 'EL MANZANO', '2016-04', '1.52'),
(340, 28, 'EL_MIRADOR', '2016-04', '0.49'),
(341, 28, 'ELEKTRAGEN', '2016-04', '17.59'),
(342, 28, 'ELETRANS', '2016-04', '10.20'),
(343, 28, 'EMELDA', '2016-04', '15.51'),
(344, 28, 'ENERBOSCH', '2016-04', '0.30'),
(345, 28, 'ENERGIA PACIFICO', '2016-04', '2.03'),
(346, 28, 'ENERGIA_LEON', '2016-04', '0.62'),
(347, 28, 'ENERGIAS_DEL_FUTURO', '2016-04', '0.00'),
(348, 28, 'ENLASA', '2016-04', '126.12'),
(349, 28, 'EOLICA_TALTAL', '2016-04', '11.06'),
(350, 28, 'ESPINOS', '2016-04', '106.70'),
(351, 28, 'ESTANCILLA SPA', '2016-04', '1.39'),
(352, 28, 'GAS SUR', '2016-04', '1.18'),
(353, 28, 'GEN. INDUSTRIAL', '2016-04', '0.86'),
(354, 28, 'GENERHOM', '2016-04', '0.99'),
(355, 28, 'GENPAC', '2016-04', '54.75'),
(356, 28, 'GESAN', '2016-04', '0.18'),
(357, 28, 'GR_PAN_DE_AZUCAR', '2016-04', '0.25'),
(358, 28, 'GUACOLDA', '2016-04', '36.88'),
(359, 28, 'HBS', '2016-04', '0.14'),
(360, 28, 'HIDROANGOL', '2016-04', '2.26'),
(361, 28, 'HIDROBONITO', '2016-04', '1.30'),
(362, 28, 'HIDROCALLAO', '2016-04', '0.43'),
(363, 28, 'HIDROELEC', '2016-04', '0.15'),
(364, 28, 'HIDROELECTRICA SAN ANDRES', '2016-04', '13.18'),
(365, 28, 'HIDROMAULE', '2016-04', '4.63'),
(366, 28, 'HIDROMUCHI', '2016-04', '0.14'),
(367, 28, 'HIDRONALCAS', '2016-04', '0.58'),
(368, 28, 'HIDROPALOMA', '2016-04', '1.06'),
(369, 28, 'HIDROPROVIDENCIA', '2016-04', '3.11'),
(370, 28, 'HUAJACHE', '2016-04', '0.26'),
(371, 28, 'IMELSA_ENERGIA', '2016-04', '0.90'),
(372, 28, 'JAVIERA', '2016-04', '0.05'),
(373, 28, 'LA CONFLUENCIA', '2016-04', '38.24'),
(374, 28, 'LAS_FLORES', '2016-04', '0.15'),
(375, 28, 'LAS_PAMPAS', '2016-04', '0.07'),
(376, 28, 'LICAN', '2016-04', '7.45'),
(377, 28, 'LLEUQUEREO', '2016-04', '0.06'),
(378, 28, 'LOMAS_COLORADAS', '2016-04', '0.17'),
(379, 28, 'LOS MORROS', '2016-04', '0.67'),
(380, 28, 'LOS_CURUROS', '2016-04', '3.80'),
(381, 28, 'LOS_GUINDOS', '2016-04', '53.11'),
(382, 28, 'LOS_PADRES', '2016-04', '0.15'),
(383, 28, 'LUNA_DEL_NORTE', '2016-04', '0.24'),
(384, 28, 'LUZ_DEL_NORTE', '2016-04', '17.43'),
(385, 28, 'M_VILLARRICA', '2016-04', '0.11'),
(386, 28, 'MAISAN', '2016-04', '0.08'),
(387, 28, 'MAPOCHO TREBAL', '2016-04', '0.06'),
(388, 28, 'MARIA_ELENA', '2016-04', '0.08'),
(389, 28, 'NORVIND', '2016-04', '0.98'),
(390, 28, 'NUEVA DEGAN', '2016-04', '9.21'),
(391, 28, 'PAMA', '2016-04', '0.25'),
(392, 28, 'PEHUI', '2016-04', '0.31'),
(393, 28, 'PICHILONCO', '2016-04', '0.22'),
(394, 28, 'PUCLARO', '2016-04', '1.84'),
(395, 28, 'PUNTA_PALMERAS', '2016-04', '1.59'),
(396, 28, 'PUNTILLA', '2016-04', '3.58'),
(397, 28, 'PV_SALVADOR', '2016-04', '6.94'),
(398, 28, 'RASO_POWER', '2016-04', '0.92'),
(399, 28, 'RENOVALIA_6', '2016-04', '0.28'),
(400, 28, 'RENOVALIA_7', '2016-04', '0.33'),
(401, 28, 'RIO HUASCO', '2016-04', '1.90'),
(402, 28, 'RIO_PUMA', '2016-04', '0.08'),
(403, 28, 'ROBLERIA', '2016-04', '0.52'),
(404, 28, 'RUCATAYO', '2016-04', '20.92'),
(405, 28, 'SAN_ANDRES_SPA', '2016-04', '9.03'),
(406, 28, 'SANTA IRENE', '2016-04', '0.07'),
(407, 28, 'SANTAMARTA', '2016-04', '5.94'),
(408, 28, 'SGA', '2016-04', '16.37'),
(409, 28, 'SOL_DEL_NORTE', '2016-04', '0.24'),
(410, 28, 'SOLAIREDIRECT', '2016-04', '0.05'),
(411, 28, 'SPVP4', '2016-04', '0.27'),
(412, 28, 'STERICYCLE', '2016-04', '1.89'),
(413, 28, 'SUBSOLE', '2016-04', '0.04'),
(414, 28, 'SWC', '2016-04', '12.64'),
(415, 28, 'TALINAY', '2016-04', '5.85'),
(416, 28, 'TAMM', '2016-04', '0.02'),
(417, 28, 'TOMAVAL', '2016-04', '0.66'),
(418, 28, 'TRAILELFU', '2016-04', '0.22'),
(419, 28, 'TRANSCHILE', '2016-04', '0.34'),
(420, 28, 'UCUQUER', '2016-04', '0.96'),
(421, 28, 'UCUQUER_DOS', '2016-04', '1.10'),
(422, 2, 'ACCIONA_ENERGIA', '2016-05', '79.21'),
(423, 2, 'AGUAS DEL MELADO', '2016-05', '713.59'),
(424, 2, 'ALLIPEN', '2016-05', '718.81'),
(425, 2, 'ARRAYAN_EOLICO', '2016-05', '41679.70'),
(426, 2, 'BESALCO', '2016-05', '2482.78'),
(427, 2, 'CARBOMET', '2016-05', '5364.50'),
(428, 2, 'CAREN', '2016-05', '4092.08'),
(429, 2, 'CHANLEUFU', '2016-05', '2.35'),
(430, 2, 'COLBUN', '2016-05', '43605.61'),
(431, 2, 'COLBUN_TRANSMISION', '2016-05', '2118.67'),
(432, 2, 'COLMITO', '2016-05', '3832.13'),
(433, 2, 'CONEJO_SOLAR', '2016-05', '79.85'),
(434, 2, 'EL_GALPON', '2016-05', '28.33'),
(435, 2, 'ELECTRICA CENIZAS', '2016-05', '22540.74'),
(436, 2, 'ENDESA', '2016-05', '1369006.11'),
(437, 2, 'ENORCHILE', '2016-05', '115794.64'),
(438, 2, 'EOLICA_ESPERANZA', '2016-05', '7.72'),
(439, 2, 'ERNC1', '2016-05', '7366.82'),
(440, 2, 'GUACOLDA', '2016-05', '51993.59'),
(441, 2, 'JAVIERA', '2016-05', '18425.14'),
(442, 2, 'KALTEMP', '2016-05', '2471.79'),
(443, 2, 'LA HIGUERA', '2016-05', '12775.74'),
(444, 2, 'MALLARAUCO', '2016-05', '9171.67'),
(445, 2, 'MONTE REDONDO', '2016-05', '44177.39'),
(446, 2, 'NUEVA ENERGIA', '2016-05', '5535.86'),
(447, 2, 'ORAFTI', '2016-05', '141.67'),
(448, 2, 'PACIFIC HYDRO', '2016-05', '12703.71'),
(449, 2, 'PANGUIPULLI', '2016-05', '48462.37'),
(450, 2, 'PARQUE_EOLICO_LEBU', '2016-05', '3437.52'),
(451, 2, 'PEHUENCHE', '2016-05', '86299.77'),
(452, 2, 'PETROPOWER', '2016-05', '5808.38'),
(453, 2, 'RAKI', '2016-05', '466.01'),
(454, 2, 'SPVP4', '2016-05', '6.12'),
(455, 2, 'STS', '2016-05', '63.83'),
(456, 2, 'SUNEDISON_CHILE', '2016-05', '2564.66'),
(457, 2, 'TECNORED', '2016-05', '4683.03'),
(458, 2, 'TRANSELEC', '2016-05', '63362.76'),
(459, 2, 'ACCIONA_ENERGIA', '2016-06', '75.37'),
(460, 2, 'AES GENER', '2016-06', '1147.91'),
(461, 2, 'AGUAS DEL MELADO', '2016-06', '659.93'),
(462, 2, 'ALLIPEN', '2016-06', '756.03'),
(463, 2, 'ALTOS_DEL_PAICO', '2016-06', '0.76'),
(464, 2, 'ARRAYAN_EOLICO', '2016-06', '42531.17'),
(465, 2, 'BESALCO', '2016-06', '2504.96'),
(466, 2, 'CARBOMET', '2016-06', '5407.36'),
(467, 2, 'CAREN', '2016-06', '4025.00'),
(468, 2, 'CHANLEUFU', '2016-06', '34.04'),
(469, 2, 'COLBUN_TRANSMISION', '2016-06', '2625.79'),
(470, 2, 'COLMITO', '2016-06', '4187.09'),
(471, 2, 'CONEJO_SOLAR', '2016-06', '443.02'),
(472, 2, 'EL_GALPON', '2016-06', '32.02'),
(473, 2, 'ELECTRICA CENIZAS', '2016-06', '22212.60'),
(474, 2, 'ENDESA', '2016-06', '1315872.87'),
(475, 2, 'ENORCHILE', '2016-06', '115600.80'),
(476, 2, 'EOLICA_ESPERANZA', '2016-06', '66.93'),
(477, 2, 'ERNC1', '2016-06', '7315.44'),
(478, 2, 'GUACOLDA', '2016-06', '67787.44'),
(479, 2, 'HIDROLIRCAY', '2016-06', '14870.69'),
(480, 2, 'JAVIERA', '2016-06', '18534.32'),
(481, 2, 'KALTEMP', '2016-06', '2482.35'),
(482, 2, 'LA HIGUERA', '2016-06', '12060.69'),
(483, 2, 'LOS_LOROS', '2016-06', '56.46'),
(484, 2, 'MALLARAUCO', '2016-06', '9246.24'),
(485, 2, 'MONTE REDONDO', '2016-06', '45619.95'),
(486, 2, 'NUEVA ENERGIA', '2016-06', '5897.43'),
(487, 2, 'ORAFTI', '2016-06', '84.32'),
(488, 2, 'PACIFIC HYDRO', '2016-06', '12635.84'),
(489, 2, 'PANGUIPULLI', '2016-06', '44985.39'),
(490, 2, 'PARQUE_EOLICO_LEBU', '2016-06', '3414.19'),
(491, 2, 'PEHUENCHE', '2016-06', '88010.47'),
(492, 2, 'PETROPOWER', '2016-06', '6300.59'),
(493, 2, 'RAKI', '2016-06', '396.21'),
(494, 2, 'RIO HUASCO', '2016-06', '3636.36'),
(495, 2, 'SPVP4', '2016-06', '14.36'),
(496, 2, 'STS', '2016-06', '7.87'),
(497, 2, 'SUNEDISON_CHILE', '2016-06', '2551.36'),
(498, 2, 'TECNORED', '2016-06', '4809.18'),
(499, 2, 'TRANSELEC', '2016-06', '94775.19'),
(500, 2, 'ACCIONA_ENERGIA', '2016-07', '156.34'),
(501, 2, 'AES GENER', '2016-07', '552.76'),
(502, 2, 'AGUAS DEL MELADO', '2016-07', '705.73'),
(503, 2, 'ALLIPEN', '2016-07', '759.34'),
(504, 2, 'ALTOS_DEL_PAICO', '2016-07', '0.88'),
(505, 2, 'ARRAYAN_EOLICO', '2016-07', '36318.07'),
(506, 2, 'BESALCO', '2016-07', '2496.77'),
(507, 2, 'CARBOMET', '2016-07', '5362.34'),
(508, 2, 'CAREN', '2016-07', '4142.96'),
(509, 2, 'CHANLEUFU', '2016-07', '83.59'),
(510, 2, 'CHUNGUNGO', '2016-07', '18.38'),
(511, 2, 'COLBUN_TRANSMISION', '2016-07', '2582.22'),
(512, 2, 'COLMITO', '2016-07', '4352.27'),
(513, 2, 'CONEJO_SOLAR', '2016-07', '655.77'),
(514, 2, 'EL_AGRIO', '2016-07', '5.25'),
(515, 2, 'EL_GALPON', '2016-07', '27.59'),
(516, 2, 'ELECTRICA CENIZAS', '2016-07', '22481.48'),
(517, 2, 'ENDESA', '2016-07', '1332042.74'),
(518, 2, 'ENORCHILE', '2016-07', '119418.84'),
(519, 2, 'EOLICA_ESPERANZA', '2016-07', '46.33'),
(520, 2, 'ERNC1', '2016-07', '7365.15'),
(521, 2, 'GUACOLDA', '2016-07', '48743.09'),
(522, 2, 'HIDROLIRCAY', '2016-07', '14858.95'),
(523, 2, 'JAVIERA', '2016-07', '15169.77'),
(524, 2, 'KALTEMP', '2016-07', '2481.87'),
(525, 2, 'LA HIGUERA', '2016-07', '12005.65'),
(526, 2, 'LA_MONTAÑA_1', '2016-07', '1.39'),
(527, 2, 'LOS_LOROS', '2016-07', '232.71'),
(528, 2, 'MALLARAUCO', '2016-07', '9203.69'),
(529, 2, 'MONTE REDONDO', '2016-07', '45720.52'),
(530, 2, 'NUEVA ENERGIA', '2016-07', '5920.45'),
(531, 2, 'ORAFTI', '2016-07', '40.42'),
(532, 2, 'PACIFIC HYDRO', '2016-07', '12976.06'),
(533, 2, 'PANGUIPULLI', '2016-07', '45622.74'),
(534, 2, 'PARQUE_EOLICO_LEBU', '2016-07', '3440.95'),
(535, 2, 'PEHUENCHE', '2016-07', '89788.16'),
(536, 2, 'PETROPOWER', '2016-07', '5411.51'),
(537, 2, 'RAKI', '2016-07', '403.40'),
(538, 2, 'RIO HUASCO', '2016-07', '3574.96'),
(539, 2, 'SAN_JUAN_LAP', '2016-07', '6.09'),
(540, 2, 'SPVP4', '2016-07', '24.35'),
(541, 2, 'STS', '2016-07', '6.87'),
(542, 2, 'SUNEDISON_CHILE', '2016-07', '2565.03'),
(543, 2, 'TECNORED', '2016-07', '4795.26'),
(544, 2, 'TRANSELEC', '2016-07', '89621.92'),
(545, 2, 'ACCIONA_ENERGIA', '2016-08', '261.94'),
(546, 2, 'AGSA', '2016-08', '2529.51'),
(547, 2, 'AGUAS DEL MELADO', '2016-08', '539.32'),
(548, 2, 'ALLIPEN', '2016-08', '740.85'),
(549, 2, 'ALTOS_DEL_PAICO', '2016-08', '1.48'),
(550, 2, 'ARRAYAN_EOLICO', '2016-08', '36624.44'),
(551, 2, 'BESALCO', '2016-08', '2463.32'),
(552, 2, 'CARBOMET', '2016-08', '5278.90'),
(553, 2, 'CAREN', '2016-08', '4307.89'),
(554, 2, 'CHANLEUFU', '2016-08', '106.31'),
(555, 2, 'CHUNGUNGO', '2016-08', '221.27'),
(556, 2, 'COLBUN_TRANSMISION', '2016-08', '2541.57'),
(557, 2, 'COLMITO', '2016-08', '4160.66'),
(558, 2, 'CONEJO_SOLAR', '2016-08', '365.11'),
(559, 2, 'CUMPEO', '2016-08', '11.70'),
(560, 2, 'DENER', '2016-08', '0.36'),
(561, 2, 'DIVISADERO', '2016-08', '18.24'),
(562, 2, 'EL_AGRIO', '2016-08', '35.66'),
(563, 2, 'EL_GALPON', '2016-08', '17.27'),
(564, 2, 'ELECTRICA CENIZAS', '2016-08', '22118.56'),
(565, 2, 'ENDESA', '2016-08', '1306725.56'),
(566, 2, 'ENORCHILE', '2016-08', '117555.71'),
(567, 2, 'EOLICA_ESPERANZA', '2016-08', '79.39'),
(568, 2, 'ERNC1', '2016-08', '7004.40'),
(569, 2, 'GUACOLDA', '2016-08', '50186.42'),
(570, 2, 'HIDROLIRCAY', '2016-08', '14655.55'),
(571, 2, 'JAVIERA', '2016-08', '15071.46'),
(572, 2, 'KALTEMP', '2016-08', '2453.52'),
(573, 2, 'LA HIGUERA', '2016-08', '11808.02'),
(574, 2, 'LA_MONTAÑA_1', '2016-08', '32.23'),
(575, 2, 'LOS_LOROS', '2016-08', '297.18'),
(576, 2, 'MALLARAUCO', '2016-08', '9100.50'),
(577, 2, 'MONTE REDONDO', '2016-08', '45243.01'),
(578, 2, 'NUEVA ENERGIA', '2016-08', '5757.48'),
(579, 2, 'ORAFTI', '2016-08', '99.56'),
(580, 2, 'PACIFIC HYDRO', '2016-08', '12839.76'),
(581, 2, 'PANGUIPULLI', '2016-08', '45899.56'),
(582, 2, 'PARQUE_EOLICO_LEBU', '2016-08', '3382.69'),
(583, 2, 'PEHUENCHE', '2016-08', '87770.37'),
(584, 2, 'PETROPOWER', '2016-08', '6012.50'),
(585, 2, 'RAKI', '2016-08', '413.95'),
(586, 2, 'RIO HUASCO', '2016-08', '3521.98'),
(587, 2, 'SAN_JUAN_LAP', '2016-08', '405.54'),
(588, 2, 'SPVP4', '2016-08', '42.01'),
(589, 2, 'STS', '2016-08', '6.77'),
(590, 2, 'TECNORED', '2016-08', '4752.08'),
(591, 2, 'TRANSELEC', '2016-08', '88211.01'),
(592, 2, 'ACCIONA_ENERGIA', '2016-09', '225.67'),
(593, 2, 'AGSA', '2016-09', '2502.06'),
(594, 2, 'AGUAS DEL MELADO', '2016-09', '596.28'),
(595, 2, 'ALLIPEN', '2016-09', '754.19'),
(596, 2, 'ALTOS_DEL_PAICO', '2016-09', '7.85'),
(597, 2, 'ARRAYAN_EOLICO', '2016-09', '35626.52'),
(598, 2, 'BESALCO', '2016-09', '2480.99'),
(599, 2, 'CARBOMET', '2016-09', '5214.37'),
(600, 2, 'CAREN', '2016-09', '4428.75'),
(601, 2, 'CHANLEUFU', '2016-09', '114.63'),
(602, 2, 'CHUNGUNGO', '2016-09', '300.22'),
(603, 2, 'COLBUN_TRANSMISION', '2016-09', '2513.08'),
(604, 2, 'COLMITO', '2016-09', '4118.55'),
(605, 2, 'CONEJO_SOLAR', '2016-09', '700.75'),
(606, 2, 'CUMPEO', '2016-09', '101.03'),
(607, 2, 'DENER', '2016-09', '29.97'),
(608, 2, 'DIVISADERO', '2016-09', '36.58'),
(609, 2, 'EL_AGRIO', '2016-09', '59.83'),
(610, 2, 'EL_GALPON', '2016-09', '29.46'),
(611, 2, 'EL_MORADO', '2016-09', '390.02'),
(612, 2, 'ELECTRICA CENIZAS', '2016-09', '21906.29'),
(613, 2, 'ENDESA', '2016-09', '1292135.24'),
(614, 2, 'ENORCHILE', '2016-09', '102186.49'),
(615, 2, 'EOLICA_ESPERANZA', '2016-09', '131.22'),
(616, 2, 'ERNC1', '2016-09', '6941.68'),
(617, 2, 'GUACOLDA', '2016-09', '49782.64'),
(618, 2, 'HIDROLIRCAY', '2016-09', '14587.58'),
(619, 2, 'JAVIERA', '2016-09', '15054.65'),
(620, 2, 'KALTEMP', '2016-09', '2431.35'),
(621, 2, 'LA HIGUERA', '2016-09', '11782.58'),
(622, 2, 'LA_MONTAÑA_1', '2016-09', '32.21'),
(623, 2, 'LOS_LOROS', '2016-09', '193.73'),
(624, 2, 'MALLARAUCO', '2016-09', '9015.13'),
(625, 2, 'MONTE REDONDO', '2016-09', '44406.96'),
(626, 2, 'NUEVA ENERGIA', '2016-09', '5712.41'),
(627, 2, 'ORAFTI', '2016-09', '42.93'),
(628, 2, 'PACIFIC HYDRO', '2016-09', '12686.25'),
(629, 2, 'PANGUIPULLI', '2016-09', '44915.21'),
(630, 2, 'PARQUE_EOLICO_LEBU', '2016-09', '3357.40'),
(631, 2, 'PEHUENCHE', '2016-09', '87839.95'),
(632, 2, 'PETROPOWER', '2016-09', '6414.68'),
(633, 2, 'RAKI', '2016-09', '433.44'),
(634, 2, 'RIO HUASCO', '2016-09', '3497.70'),
(635, 2, 'SAN_JUAN_LAP', '2016-09', '764.35'),
(636, 2, 'SPVP4', '2016-09', '51.31'),
(637, 2, 'STS', '2016-09', '6.69'),
(638, 2, 'TEATINOS', '2016-09', '0.33'),
(639, 2, 'TECNORED', '2016-09', '4698.09'),
(640, 2, 'TRANSELEC', '2016-09', '87222.07'),
(641, 2, 'ACCIONA_ENERGIA', '2016-10', '168.07'),
(642, 2, 'AES GENER', '2016-10', '5007.58'),
(643, 2, 'AGSA', '2016-10', '2517.65'),
(644, 2, 'AGUAS DEL MELADO', '2016-10', '422.53'),
(645, 2, 'ALLIPEN', '2016-10', '739.83'),
(646, 2, 'ALTOS_DEL_PAICO', '2016-10', '1.81'),
(647, 2, 'ARRAYAN_EOLICO', '2016-10', '36456.20'),
(648, 2, 'BESALCO', '2016-10', '2463.20'),
(649, 2, 'CARBOMET', '2016-10', '5256.94'),
(650, 2, 'CAREN', '2016-10', '4431.68'),
(651, 2, 'CHANLEUFU', '2016-10', '99.95'),
(652, 2, 'CHUNGUNGO', '2016-10', '293.22'),
(653, 2, 'COLBUN_TRANSMISION', '2016-10', '2530.51'),
(654, 2, 'COLMITO', '2016-10', '4147.64'),
(655, 2, 'CONEJO_SOLAR', '2016-10', '689.43'),
(656, 2, 'CUMPEO', '2016-10', '99.44'),
(657, 2, 'DENER', '2016-10', '24.85'),
(658, 2, 'DIVISADERO', '2016-10', '37.65'),
(659, 2, 'EL_AGRIO', '2016-10', '52.30'),
(660, 2, 'EL_GALPON', '2016-10', '26.18'),
(661, 2, 'ELECTRICA CENIZAS', '2016-10', '22069.55'),
(662, 2, 'ENDESA', '2016-10', '1292339.79'),
(663, 2, 'ENORCHILE', '2016-10', '102895.97'),
(664, 2, 'EOLICA_ESPERANZA', '2016-10', '110.47'),
(665, 2, 'ERNC1', '2016-10', '6990.39'),
(666, 2, 'GR_COIGUE', '2016-10', '3.06'),
(667, 2, 'GR_HUINGAN', '2016-10', '21.06'),
(668, 2, 'GUACOLDA', '2016-10', '48462.24'),
(669, 2, 'HIDROLIRCAY', '2016-10', '14661.31'),
(670, 2, 'HORMIGA_SOLAR', '2016-10', '2.88'),
(671, 2, 'HUAJACHE', '2016-10', '169.40'),
(672, 2, 'JAVIERA', '2016-10', '15245.75'),
(673, 2, 'KALTEMP', '2016-10', '2449.78'),
(674, 2, 'LA HIGUERA', '2016-10', '12455.40'),
(675, 2, 'LA_MONTAÑA_1', '2016-10', '31.03'),
(676, 2, 'LOS_LOROS', '2016-10', '75.81'),
(677, 2, 'MALLARAUCO', '2016-10', '9072.15'),
(678, 2, 'MONTE REDONDO', '2016-10', '44279.11'),
(679, 2, 'NUEVA ENERGIA', '2016-10', '5780.08'),
(680, 2, 'ORAFTI', '2016-10', '97.61'),
(681, 2, 'PACIFIC HYDRO', '2016-10', '12819.83'),
(682, 2, 'PANGUIPULLI', '2016-10', '45696.49'),
(683, 2, 'PARQUE_EOLICO_LEBU', '2016-10', '3376.74'),
(684, 2, 'PEHUENCHE', '2016-10', '88275.98'),
(685, 2, 'PETROPOWER', '2016-10', '6404.31'),
(686, 2, 'RAGSA', '2016-10', '2.94'),
(687, 2, 'RAKI', '2016-10', '416.05'),
(688, 2, 'RIO HUASCO', '2016-10', '3607.79'),
(689, 2, 'SAN_JUAN_LAP', '2016-10', '1545.42'),
(690, 2, 'SPVP4', '2016-10', '49.32'),
(691, 2, 'STS', '2016-10', '6.74'),
(692, 2, 'TECNORED', '2016-10', '4731.47'),
(693, 2, 'TRANSELEC', '2016-10', '87827.28'),
(694, 2, 'ACCIONA_ENERGIA', '2016-11', '681.31'),
(695, 2, 'AES GENER', '2016-11', '102764.57'),
(696, 2, 'AGSA', '2016-11', '2521.33'),
(697, 2, 'AGUAS DEL MELADO', '2016-11', '246.49'),
(698, 2, 'ALLIPEN', '2016-11', '767.02'),
(699, 2, 'ALTOS_DEL_PAICO', '2016-11', '1.16'),
(700, 2, 'ARRAYAN_EOLICO', '2016-11', '36586.00'),
(701, 2, 'BESALCO', '2016-11', '2526.79'),
(702, 2, 'CARBOMET', '2016-11', '5378.55'),
(703, 2, 'CAREN', '2016-11', '2867.61'),
(704, 2, 'CHANLEUFU', '2016-11', '105.86'),
(705, 2, 'CHUNGUNGO', '2016-11', '1081.70'),
(706, 2, 'COLBUN', '2016-11', '30687.43'),
(707, 2, 'COLBUN_TRANSMISION', '2016-11', '2577.99'),
(708, 2, 'COLMITO', '2016-11', '4094.66'),
(709, 2, 'CONEJO_SOLAR', '2016-11', '1027.60'),
(710, 2, 'CUMPEO', '2016-11', '145.77'),
(711, 2, 'DENER', '2016-11', '25.17'),
(712, 2, 'DIVISADERO', '2016-11', '49.45'),
(713, 2, 'EL_AGRIO', '2016-11', '38.44'),
(714, 2, 'EL_ARROYO', '2016-11', '18.86'),
(715, 2, 'EL_GALPON', '2016-11', '27.68'),
(716, 2, 'ELECTRICA CENIZAS', '2016-11', '22296.31'),
(717, 2, 'ENDESA', '2016-11', '1167951.36'),
(718, 2, 'ENORCHILE', '2016-11', '104836.58'),
(719, 2, 'EOLICA_ESPERANZA', '2016-11', '180.51'),
(720, 2, 'ERNC1', '2016-11', '4013.70'),
(721, 2, 'GR_COIGUE', '2016-11', '27.53'),
(722, 2, 'GR_HUINGAN', '2016-11', '28.24'),
(723, 2, 'GUACOLDA', '2016-11', '60576.89'),
(724, 2, 'HBS_GNL', '2016-11', '0.11'),
(725, 2, 'HIDROLIRCAY', '2016-11', '14946.34'),
(726, 2, 'HORMIGA_SOLAR', '2016-11', '4.75'),
(727, 2, 'IMELSA_ENERGIA (PANGUIPULLI)', '2016-11', '2.99'),
(728, 2, 'JAVIERA', '2016-11', '15433.28'),
(729, 2, 'KALTEMP', '2016-11', '2503.76'),
(730, 2, 'LA HIGUERA', '2016-11', '15194.56'),
(731, 2, 'LA_MONTAÑA_1', '2016-11', '15.79'),
(732, 2, 'LOS_LOROS', '2016-11', '143.50'),
(733, 2, 'MALLARAUCO', '2016-11', '9245.41'),
(734, 2, 'MONTE REDONDO', '2016-11', '46505.96'),
(735, 2, 'NUEVA ENERGIA', '2016-11', '5840.21'),
(736, 2, 'ORAFTI', '2016-11', '76.20'),
(737, 2, 'PACIFIC HYDRO', '2016-11', '13015.97'),
(738, 2, 'PANGUIPULLI', '2016-11', '25018.17'),
(739, 2, 'PARQUE_EOLICO_LEBU', '2016-11', '3472.07'),
(740, 2, 'PEHUENCHE', '2016-11', '90816.31'),
(741, 2, 'PETROPOWER', '2016-11', '6401.87'),
(742, 2, 'RAGSA', '2016-11', '16.60'),
(743, 2, 'RAKI', '2016-11', '461.18'),
(744, 2, 'RIO HUASCO', '2016-11', '3668.09'),
(745, 2, 'SAN_JUAN_LAP', '2016-11', '1066.42'),
(746, 2, 'SPVP4', '2016-11', '128.69'),
(747, 2, 'STS', '2016-11', '6.86'),
(748, 2, 'TEATINOS', '2016-11', '2.39'),
(749, 2, 'TECNORED', '2016-11', '4872.57'),
(750, 2, 'TRANSELEC', '2016-11', '89474.97'),
(751, 2, 'ACCIONA_ENERGIA', '2016-12', '1367.78'),
(752, 2, 'AES GENER', '2016-12', '101019.13'),
(753, 2, 'AGSA', '2016-12', '2466.22'),
(754, 2, 'AGUAS DEL MELADO', '2016-12', '182.83'),
(755, 2, 'ALLIPEN', '2016-12', '427.55'),
(756, 2, 'ALTOS_DEL_PAICO', '2016-12', '1.69'),
(757, 2, 'ARRAYAN_EOLICO', '2016-12', '35846.70'),
(758, 2, 'BESALCO', '2016-12', '2455.00'),
(759, 2, 'BIO_ENERGIA_MOLINA', '2016-12', '2.01'),
(760, 2, 'CARBOMET', '2016-12', '5259.81'),
(761, 2, 'CAREN', '2016-12', '2783.91'),
(762, 2, 'CHANLEUFU', '2016-12', '96.81'),
(763, 2, 'CHUNGUNGO', '2016-12', '1369.66'),
(764, 2, 'COLBUN', '2016-12', '61774.23'),
(765, 2, 'COLBUN_TRANSMISION', '2016-12', '2544.02'),
(766, 2, 'COLMITO', '2016-12', '4004.39'),
(767, 2, 'CONEJO_SOLAR', '2016-12', '853.21'),
(768, 2, 'CUMPEO', '2016-12', '143.04'),
(769, 2, 'CUZCUZ', '2016-12', '3.55'),
(770, 2, 'DENER', '2016-12', '29.64'),
(771, 2, 'DIVISADERO', '2016-12', '47.47'),
(772, 2, 'EL_AGRIO', '2016-12', '27.75'),
(773, 2, 'EL_ARROYO', '2016-12', '31.24'),
(774, 2, 'EL_GALPON', '2016-12', '18.24'),
(775, 2, 'ELECTRICA CENIZAS', '2016-12', '21837.20'),
(776, 2, 'ENEL_GENERACION', '2016-12', '1115145.13'),
(777, 2, 'ENORCHILE', '2016-12', '102744.85'),
(778, 2, 'EOLICA_ESPERANZA', '2016-12', '4845.27'),
(779, 2, 'ERNC1', '2016-12', '3834.94'),
(780, 2, 'GESTEL', '2016-12', '7.12'),
(781, 2, 'GR_ARAUCARIA', '2016-12', '0.10'),
(782, 2, 'GR_COIGUE', '2016-12', '24.52'),
(783, 2, 'GR_HUINGAN', '2016-12', '23.26'),
(784, 2, 'GUACOLDA', '2016-12', '59950.31'),
(785, 2, 'HBS_GNL', '2016-12', '0.00'),
(786, 2, 'HIDROLIRCAY', '2016-12', '14617.82'),
(787, 2, 'HORMIGA_SOLAR', '2016-12', '5.05'),
(788, 2, 'HUAJACHE', '2016-12', '199.77'),
(789, 2, 'JAVIERA', '2016-12', '15033.02'),
(790, 2, 'KALTEMP', '2016-12', '2439.62'),
(791, 2, 'LA HIGUERA', '2016-12', '15367.44'),
(792, 2, 'LA_MONTAÑA_1', '2016-12', '2.94'),
(793, 2, 'LOS_LOROS', '2016-12', '29.59'),
(794, 2, 'MALLARAUCO', '2016-12', '4535.88'),
(795, 2, 'MONTE REDONDO', '2016-12', '44967.27'),
(796, 2, 'NUEVA ENERGIA', '2016-12', '5739.08'),
(797, 2, 'ORAFTI', '2016-12', '15.92'),
(798, 2, 'PACIFIC HYDRO', '2016-12', '12667.20'),
(799, 2, 'PANGUIPULLI', '2016-12', '23986.48'),
(800, 2, 'PARQUE_EOLICO_LEBU', '2016-12', '3372.81'),
(801, 2, 'PEHUENCHE', '2016-12', '86706.04'),
(802, 2, 'PETROPOWER', '2016-12', '6163.51'),
(803, 2, 'RAGSA', '2016-12', '77.24'),
(804, 2, 'RAKI', '2016-12', '456.28'),
(805, 2, 'RIO HUASCO', '2016-12', '3591.11'),
(806, 2, 'SAN_JUAN_LAP', '2016-12', '1598.10'),
(807, 2, 'SPVP4', '2016-12', '119.15'),
(808, 2, 'STS', '2016-12', '6.49'),
(809, 2, 'TEATINOS', '2016-12', '11.18'),
(810, 2, 'TECNORED', '2016-12', '4756.06'),
(811, 2, 'TRANSELEC', '2016-12', '87625.66'),
(812, 1, 'ENDESA', '2016-01', '1282328.36'),
(813, 1, 'SGA', '2016-01', '11100.97'),
(814, 1, 'TECNORED', '2016-01', '36207.95'),
(815, 1, 'NUEVA ENERGIA', '2016-01', '1979.65'),
(816, 1, 'PACIFIC HYDRO', '2016-01', '84277.37'),
(817, 1, 'ELECTRICA CENIZAS', '2016-01', '12979.80'),
(818, 1, 'PARQUE_EOLICO_LEBU', '2016-01', '263.19'),
(819, 1, 'GAS SUR', '2016-01', '20658.01'),
(820, 1, 'GENPAC', '2016-01', '237.20'),
(821, 1, 'MONTE REDONDO', '2016-01', '48653.82'),
(822, 1, 'PANGUIPULLI', '2016-01', '44823.17'),
(823, 1, 'ENERGIA PACIFICO', '2016-01', '2455.12'),
(824, 1, 'PEHUI', '2016-01', '7.06'),
(825, 1, 'LA ARENA SPA', '2016-01', '52299.57'),
(826, 1, 'CARDONES SA', '2016-01', '101.78'),
(827, 1, 'BE FORESTALES', '2016-01', '58084.77'),
(828, 1, 'DUKE ENERGY', '2016-01', '497.32'),
(829, 1, 'KALTEMP', '2016-01', '1991.17'),
(830, 1, 'HIDROPROVIDENCIA', '2016-01', '4.51'),
(831, 1, 'TALINAY', '2016-01', '19074.86'),
(832, 1, 'GENERHOM', '2016-01', '37.98'),
(833, 1, 'ARRAYAN', '2016-01', '1.76'),
(834, 1, 'COLMITO', '2016-01', '60416.39'),
(835, 1, 'AGUAS DEL MELADO', '2016-01', '23.12'),
(836, 1, 'ENORCHILE', '2016-01', '44711.18'),
(837, 1, 'ARRAYAN_EOLICO', '2016-01', '8171.56'),
(838, 1, 'ALMEYDA', '2016-01', '9905.54'),
(839, 1, 'EOLICA_TALTAL', '2016-01', '11616.65'),
(840, 1, 'MARIA_ELENA', '2016-01', '2.14'),
(841, 1, 'BESALCO', '2016-01', '23326.51'),
(842, 1, 'JAVIERA', '2016-01', '17975.70'),
(843, 1, 'LOS_GUINDOS', '2016-01', '281.83'),
(844, 1, 'ERNC1', '2016-01', '145.01'),
(845, 1, 'PUCLARO', '2016-01', '3534.84'),
(846, 1, 'ANDES_GENERACION', '2016-01', '124.81'),
(847, 1, 'EL_MORADO', '2016-01', '9515.25'),
(848, 1, 'CAREN', '2016-01', '6760.13'),
(849, 1, 'CHUNGUNGO', '2016-01', '45273.83'),
(850, 1, 'SPVP4', '2016-01', '4755.89'),
(851, 1, 'SUNEDISON_CHILE', '2016-01', '2521.69'),
(852, 1, 'TRANSELEC', '2016-01', '2387.52'),
(853, 1, 'ENDESA', '2016-02', '5538927.32'),
(854, 1, 'PEHUENCHE', '2016-02', '232411.59'),
(855, 1, 'SGA', '2016-02', '17634.31'),
(856, 1, 'TECNORED', '2016-02', '132939.81'),
(857, 1, 'NUEVA ENERGIA', '2016-02', '22506.49'),
(858, 1, 'PACIFIC HYDRO', '2016-02', '327464.88'),
(859, 1, 'ELECTRICA CENIZAS', '2016-02', '55017.86'),
(860, 1, 'GAS SUR', '2016-02', '99463.90'),
(861, 1, 'GENPAC', '2016-02', '874.33'),
(862, 1, 'MONTE REDONDO', '2016-02', '220172.40'),
(863, 1, 'PANGUIPULLI', '2016-02', '289729.39'),
(864, 1, 'PEHUI', '2016-02', '92.83'),
(865, 1, 'LA ARENA SPA', '2016-02', '216167.10'),
(866, 1, 'CARDONES SA', '2016-02', '381.46'),
(867, 1, 'DUKE ENERGY', '2016-02', '1970.36'),
(868, 1, 'KALTEMP', '2016-02', '7501.13'),
(869, 1, 'HIDROPROVIDENCIA', '2016-02', '123.24'),
(870, 1, 'TALINAY', '2016-02', '76399.49'),
(871, 1, 'GENERHOM', '2016-02', '94.23'),
(872, 1, 'ARRAYAN', '2016-02', '18.51'),
(873, 1, 'COLMITO', '2016-02', '239347.63'),
(874, 1, 'AGUAS DEL MELADO', '2016-02', '335.20'),
(875, 1, 'ENORCHILE', '2016-02', '176331.35'),
(876, 1, 'ARRAYAN_EOLICO', '2016-02', '25589.54'),
(877, 1, 'ALMEYDA', '2016-02', '46116.29'),
(878, 1, 'EOLICA_TALTAL', '2016-02', '69415.32'),
(879, 1, 'MARIA_ELENA', '2016-02', '4.59'),
(880, 1, 'BESALCO', '2016-02', '99808.59'),
(881, 1, 'LLEUQUEREO', '2016-02', '14.38'),
(882, 1, 'JAVIERA', '2016-02', '75872.73'),
(883, 1, 'ERNC1', '2016-02', '4272.01'),
(884, 1, 'PUCLARO', '2016-02', '18520.81'),
(885, 1, 'ANDES_GENERACION', '2016-02', '347.74'),
(886, 1, 'EL_MORADO', '2016-02', '40521.39'),
(887, 1, 'CHUNGUNGO', '2016-02', '192699.81'),
(888, 1, 'SPVP4', '2016-02', '20248.93'),
(889, 1, 'SUNEDISON_CHILE', '2016-02', '11447.30'),
(890, 1, 'TRANSELEC', '2016-02', '10592.60'),
(891, 1, 'ENDESA', '2016-03', '2987372.68'),
(892, 1, 'PEHUENCHE', '2016-03', '1139107.68'),
(893, 1, 'TECNORED', '2016-03', '214396.77'),
(894, 1, 'NUEVA ENERGIA', '2016-03', '22346.70'),
(895, 1, 'GESAN', '2016-03', '47.58'),
(896, 1, 'PACIFIC HYDRO', '2016-03', '583251.87'),
(897, 1, 'ELECTRICA CENIZAS', '2016-03', '103864.51'),
(898, 1, 'GAS SUR', '2016-03', '163044.93'),
(899, 1, 'PETROPOWER', '2016-03', '28810.61'),
(900, 1, 'GENPAC', '2016-03', '1341.15'),
(901, 1, 'MONTE REDONDO', '2016-03', '437613.40'),
(902, 1, 'PANGUIPULLI', '2016-03', '560193.01'),
(903, 1, 'GEN. INDUSTRIAL', '2016-03', '15.36'),
(904, 1, 'PEHUI', '2016-03', '145.26'),
(905, 1, 'CHACAYES', '2016-03', '414705.84'),
(906, 1, 'LA ARENA SPA', '2016-03', '349287.97'),
(907, 1, 'CARDONES SA', '2016-03', '787.38'),
(908, 1, 'BE FORESTALES', '2016-03', '151898.29'),
(909, 1, 'DUKE ENERGY', '2016-03', '3421.70'),
(910, 1, 'KALTEMP', '2016-03', '15516.84'),
(911, 1, 'HIDROPROVIDENCIA', '2016-03', '349.99'),
(912, 1, 'TALINAY', '2016-03', '202971.08'),
(913, 1, 'GENERHOM', '2016-03', '75.46'),
(914, 1, 'ARRAYAN', '2016-03', '25.76'),
(915, 1, 'COLMITO', '2016-03', '349929.31'),
(916, 1, 'AGUAS DEL MELADO', '2016-03', '1403.52'),
(917, 1, 'ENORCHILE', '2016-03', '374721.82'),
(918, 1, 'ARRAYAN_EOLICO', '2016-03', '197175.67'),
(919, 1, 'ALMEYDA', '2016-03', '70240.07'),
(920, 1, 'PUNTA_PALMERAS', '2016-03', '2760.53'),
(921, 1, 'EOLICA_TALTAL', '2016-03', '88616.84'),
(922, 1, 'MARIA_ELENA', '2016-03', '0.32'),
(923, 1, 'BESALCO', '2016-03', '151363.68'),
(924, 1, 'LLEUQUEREO', '2016-03', '34.34'),
(925, 1, 'JAVIERA', '2016-03', '107477.20'),
(926, 1, 'EL_MORADO', '2016-03', '67969.39'),
(927, 1, 'CHUNGUNGO', '2016-03', '323230.85'),
(928, 1, 'SPVP4', '2016-03', '33961.23'),
(929, 1, 'SUNEDISON_CHILE', '2016-03', '19059.54'),
(930, 1, 'MALLARAUCO', '2016-03', '5479.89'),
(931, 1, 'CAPULLO', '2016-03', '350.46'),
(932, 1, 'TRANSELEC', '2016-03', '20871.72'),
(933, 1, 'ENDESA', '2016-04', '48827.71'),
(934, 1, 'PEHUENCHE', '2016-04', '1236.17'),
(935, 1, 'SGA', '2016-04', '33.49'),
(936, 1, 'TECNORED', '2016-04', '2134.51'),
(937, 1, 'NUEVA ENERGIA', '2016-04', '548.69'),
(938, 1, 'PACIFIC HYDRO', '2016-04', '648.76'),
(939, 1, 'ELECTRICA CENIZAS', '2016-04', '1378.31'),
(940, 1, 'GAS SUR', '2016-04', '1716.09'),
(941, 1, 'GENPAC', '2016-04', '19.80'),
(942, 1, 'MONTE REDONDO', '2016-04', '4162.96'),
(943, 1, 'PANGUIPULLI', '2016-04', '4664.80'),
(944, 1, 'EMELDA', '2016-04', '36.90'),
(945, 1, 'PEHUI', '2016-04', '1.68'),
(946, 1, 'CHACAYES', '2016-04', '5179.64'),
(947, 1, 'LA ARENA SPA', '2016-04', '3944.46'),
(948, 1, 'CARDONES SA', '2016-04', '14.21'),
(949, 1, 'BE FORESTALES', '2016-04', '3804.82'),
(950, 1, 'EL CANELO', '2016-04', '47.49'),
(951, 1, 'CARBOMET', '2016-04', '197.15'),
(952, 1, 'DUKE ENERGY', '2016-04', '44.96'),
(953, 1, 'KALTEMP', '2016-04', '229.74'),
(954, 1, 'HIDROPROVIDENCIA', '2016-04', '15.73'),
(955, 1, 'TALINAY', '2016-04', '1450.32'),
(956, 1, 'GENERHOM', '2016-04', '5.51'),
(957, 1, 'RIO HUASCO', '2016-04', '323.78'),
(958, 1, 'COLMITO', '2016-04', '4778.45'),
(959, 1, 'AGUAS DEL MELADO', '2016-04', '37.74'),
(960, 1, 'ENORCHILE', '2016-04', '4270.37'),
(961, 1, 'ARRAYAN_EOLICO', '2016-04', '444.22'),
(962, 1, 'ALMEYDA', '2016-04', '939.20'),
(963, 1, 'PUNTA_PALMERAS', '2016-04', '12.93'),
(964, 1, 'MARIA_ELENA', '2016-04', '0.19'),
(965, 1, 'BESALCO', '2016-04', '1329.05'),
(966, 1, 'JAVIERA', '2016-04', '2400.30'),
(967, 1, 'LOS_GUINDOS', '2016-04', '30.49'),
(968, 1, 'ERNC1', '2016-04', '246.91'),
(969, 1, 'PUCLARO', '2016-04', '140.81'),
(970, 1, 'EL_MORADO', '2016-04', '774.34'),
(971, 1, 'CHUNGUNGO', '2016-04', '3678.16'),
(972, 1, 'SPVP4', '2016-04', '359.45'),
(973, 1, 'SUNEDISON_CHILE', '2016-04', '111.46'),
(974, 1, 'LA HIGUERA', '2016-04', '1661.62'),
(975, 1, 'LA CONFLUENCIA', '2016-04', '2872.65'),
(976, 1, 'TRANSELEC', '2016-04', '209.26'),
(977, 1, 'ENDESA', '2016-05', '1495800.94'),
(978, 1, 'PEHUENCHE', '2016-05', '26774.34'),
(979, 1, 'TECNORED', '2016-05', '19627.04'),
(980, 1, 'NUEVA ENERGIA', '2016-05', '6803.65'),
(981, 1, 'PACIFIC HYDRO', '2016-05', '8002.01'),
(982, 1, 'ELECTRICA CENIZAS', '2016-05', '13871.96'),
(983, 1, 'PARQUE_EOLICO_LEBU', '2016-05', '2753.82'),
(984, 1, 'GAS SUR', '2016-05', '14627.04'),
(985, 1, 'GENPAC', '2016-05', '208.71'),
(986, 1, 'MONTE REDONDO', '2016-05', '35178.82'),
(987, 1, 'PANGUIPULLI', '2016-05', '25049.27'),
(988, 1, 'EMELDA', '2016-05', '133.26'),
(989, 1, 'COLIHUES', '2016-05', '26.46'),
(990, 1, 'HIDROLIRCAY', '2016-05', '28.28'),
(991, 1, 'PEHUI', '2016-05', '7.00'),
(992, 1, 'CHACAYES', '2016-05', '62757.80'),
(993, 1, 'CARDONES SA', '2016-05', '163.27'),
(994, 1, 'BE FORESTALES', '2016-05', '47030.43'),
(995, 1, 'EL CANELO', '2016-05', '395.62'),
(996, 1, 'KALTEMP', '2016-05', '2343.37'),
(997, 1, 'HIDROPROVIDENCIA', '2016-05', '5574.10'),
(998, 1, 'TALINAY', '2016-05', '23016.12'),
(999, 1, 'GENERHOM', '2016-05', '33.78'),
(1000, 1, 'RIO HUASCO', '2016-05', '2770.74'),
(1001, 1, 'COLMITO', '2016-05', '50120.18'),
(1002, 1, 'AGUAS DEL MELADO', '2016-05', '613.47'),
(1003, 1, 'ENORCHILE', '2016-05', '45336.37'),
(1004, 1, 'ARRAYAN_EOLICO', '2016-05', '10948.41'),
(1005, 1, 'ALMEYDA', '2016-05', '8738.45'),
(1006, 1, 'PUNTA_PALMERAS', '2016-05', '177.26'),
(1007, 1, 'PV_SALVADOR', '2016-05', '557.41'),
(1008, 1, 'MARIA_ELENA', '2016-05', '0.10'),
(1009, 1, 'BESALCO', '2016-05', '8326.82'),
(1010, 1, 'JAVIERA', '2016-05', '25315.67'),
(1011, 1, 'LOS_GUINDOS', '2016-05', '278.39'),
(1012, 1, 'ERNC1', '2016-05', '4960.83'),
(1013, 1, 'PUCLARO', '2016-05', '1262.53'),
(1014, 1, 'EOLICA_RENAICO', '2016-05', '8711.85'),
(1015, 1, 'ANDES_GENERACION', '2016-05', '247.31'),
(1016, 1, 'EL_MORADO', '2016-05', '7198.06'),
(1017, 1, 'CHUNGUNGO', '2016-05', '34191.06'),
(1018, 1, 'SPVP4', '2016-05', '3220.39'),
(1019, 1, 'SUNEDISON_CHILE', '2016-05', '1356.11'),
(1020, 1, 'KDM_ENERGIA', '2016-05', '8798.32'),
(1021, 1, 'DEI DUQUECO', '2016-05', '6171.73'),
(1022, 1, 'TRANSELEC', '2016-05', '555.02'),
(1023, 1, 'ENDESA', '2016-06', '9603651.75'),
(1024, 1, 'PEHUENCHE', '2016-06', '405271.55'),
(1025, 1, 'TECNORED', '2016-06', '162536.06'),
(1026, 1, 'NUEVA ENERGIA', '2016-06', '39655.36'),
(1027, 1, 'PACIFIC HYDRO', '2016-06', '63614.66'),
(1028, 1, 'HIDROMAULE', '2016-06', '23498.63'),
(1029, 1, 'ELECTRICA CENIZAS', '2016-06', '122394.25'),
(1030, 1, 'PARQUE_EOLICO_LEBU', '2016-06', '19562.72'),
(1031, 1, 'GAS SUR', '2016-06', '128989.55'),
(1032, 1, 'MONTE REDONDO', '2016-06', '310257.99'),
(1033, 1, 'PANGUIPULLI', '2016-06', '485049.96'),
(1034, 1, 'EMELDA', '2016-06', '2237.44'),
(1035, 1, 'HIDROLIRCAY', '2016-06', '22748.53'),
(1036, 1, 'PEHUI', '2016-06', '50.54'),
(1037, 1, 'CHACAYES', '2016-06', '663015.73'),
(1038, 1, 'CARDONES SA', '2016-06', '1478.34'),
(1039, 1, 'EL CANELO', '2016-06', '21327.76'),
(1040, 1, 'KALTEMP', '2016-06', '21601.07'),
(1041, 1, 'HIDROPROVIDENCIA', '2016-06', '44156.21'),
(1042, 1, 'TALINAY', '2016-06', '215865.50'),
(1043, 1, 'GENERHOM', '2016-06', '446.55'),
(1044, 1, 'RIO HUASCO', '2016-06', '16283.17'),
(1045, 1, 'COLMITO', '2016-06', '452729.69'),
(1046, 1, 'AGUAS DEL MELADO', '2016-06', '112688.91'),
(1047, 1, 'ENORCHILE', '2016-06', '409028.30'),
(1048, 1, 'ARRAYAN_EOLICO', '2016-06', '8768.48'),
(1049, 1, 'ALMEYDA', '2016-06', '92905.35'),
(1050, 1, 'PV_SALVADOR', '2016-06', '14252.82'),
(1051, 1, 'MARIA_ELENA', '2016-06', '7.98'),
(1052, 1, 'JAVIERA', '2016-06', '256108.11'),
(1053, 1, 'ERNC1', '2016-06', '60781.82'),
(1054, 1, 'PUCLARO', '2016-06', '17798.54'),
(1055, 1, 'EOLICA_RENAICO', '2016-06', '100223.02'),
(1056, 1, 'EL_MORADO', '2016-06', '67509.67'),
(1057, 1, 'CAREN', '2016-06', '20236.02'),
(1058, 1, 'CHUNGUNGO', '2016-06', '320674.92'),
(1059, 1, 'SPVP4', '2016-06', '25771.70'),
(1060, 1, 'SUNEDISON_CHILE', '2016-06', '13265.47'),
(1061, 1, 'KDM_ENERGIA', '2016-06', '92659.83'),
(1062, 1, 'RASO_POWER', '2016-06', '41.12'),
(1063, 1, 'LA CONFLUENCIA', '2016-06', '425424.54'),
(1064, 1, 'DEI DUQUECO', '2016-06', '81714.16'),
(1065, 1, 'TRANSELEC', '2016-06', '23733.45'),
(1066, 1, 'ENDESA', '2016-07', '8341012.32'),
(1067, 1, 'COLBUN', '2016-07', '3940851.13'),
(1068, 1, 'TECNORED', '2016-07', '206608.02'),
(1069, 1, 'NUEVA ENERGIA', '2016-07', '34197.60'),
(1070, 1, 'PACIFIC HYDRO', '2016-07', '73284.07'),
(1071, 1, 'HIDROMAULE', '2016-07', '19796.10'),
(1072, 1, 'ELECTRICA CENIZAS', '2016-07', '147053.27'),
(1073, 1, 'PARQUE_EOLICO_LEBU', '2016-07', '18991.87'),
(1074, 1, 'GAS SUR', '2016-07', '147488.41'),
(1075, 1, 'GENPAC', '2016-07', '2592.22'),
(1076, 1, 'MONTE REDONDO', '2016-07', '420074.85'),
(1077, 1, 'PANGUIPULLI', '2016-07', '724578.49'),
(1078, 1, 'HIDROLIRCAY', '2016-07', '33446.96'),
(1079, 1, 'PEHUI', '2016-07', '220.29'),
(1080, 1, 'CHACAYES', '2016-07', '399649.33'),
(1081, 1, 'CARDONES SA', '2016-07', '1548.08'),
(1082, 1, 'EL CANELO', '2016-07', '14482.86'),
(1083, 1, 'DUKE ENERGY', '2016-07', '5759.74'),
(1084, 1, 'KALTEMP', '2016-07', '24434.48'),
(1085, 1, 'TALINAY', '2016-07', '300716.36'),
(1086, 1, 'GENERHOM', '2016-07', '885.79'),
(1087, 1, 'RIO HUASCO', '2016-07', '16273.90'),
(1088, 1, 'COLMITO', '2016-07', '472151.49'),
(1089, 1, 'AGUAS DEL MELADO', '2016-07', '155332.51'),
(1090, 1, 'ENORCHILE', '2016-07', '517854.60'),
(1091, 1, 'ARRAYAN_EOLICO', '2016-07', '154411.62'),
(1092, 1, 'ALMEYDA', '2016-07', '44205.00'),
(1093, 1, 'PV_SALVADOR', '2016-07', '12104.33'),
(1094, 1, 'MARIA_ELENA', '2016-07', '43.97'),
(1095, 1, 'JAVIERA', '2016-07', '313482.75'),
(1096, 1, 'ERNC1', '2016-07', '19307.04'),
(1097, 1, 'PUCLARO', '2016-07', '17298.83'),
(1098, 1, 'EOLICA_RENAICO', '2016-07', '129494.64'),
(1099, 1, 'EL_MORADO', '2016-07', '82998.44'),
(1100, 1, 'CHUNGUNGO', '2016-07', '388803.92'),
(1101, 1, 'SPVP4', '2016-07', '26653.92'),
(1102, 1, 'SUNEDISON_CHILE', '2016-07', '13039.80'),
(1103, 1, 'MALLARAUCO', '2016-07', '10405.12'),
(1104, 1, 'KDM_ENERGIA', '2016-07', '104761.64'),
(1105, 1, 'TRANSELEC', '2016-07', '20088.40'),
(1106, 1, 'ENDESA', '2016-08', '3233380.35'),
(1107, 1, 'COLBUN', '2016-08', '4761219.27'),
(1108, 1, 'PEHUENCHE', '2016-08', '267345.41'),
(1109, 1, 'TECNORED', '2016-08', '232267.27'),
(1110, 1, 'NUEVA ENERGIA', '2016-08', '98862.77'),
(1111, 1, 'PACIFIC HYDRO', '2016-08', '73361.26'),
(1112, 1, 'HIDROMAULE', '2016-08', '12041.20'),
(1113, 1, 'ELECTRICA CENIZAS', '2016-08', '203775.43'),
(1114, 1, 'PARQUE_EOLICO_LEBU', '2016-08', '29398.92'),
(1115, 1, 'GAS SUR', '2016-08', '168030.22'),
(1116, 1, 'GENPAC', '2016-08', '3397.25'),
(1117, 1, 'MONTE REDONDO', '2016-08', '173014.84'),
(1118, 1, 'EMELDA', '2016-08', '8737.73'),
(1119, 1, 'COLIHUES', '2016-08', '8594.41'),
(1120, 1, 'NUEVA DEGAN', '2016-08', '2260.14'),
(1121, 1, 'HIDROLIRCAY', '2016-08', '14699.78'),
(1122, 1, 'PEHUI', '2016-08', '318.48'),
(1123, 1, 'CHACAYES', '2016-08', '277815.30'),
(1124, 1, 'CARDONES SA', '2016-08', '1939.27'),
(1125, 1, 'BE FORESTALES', '2016-08', '187426.56'),
(1126, 1, 'DUKE ENERGY', '2016-08', '6347.33'),
(1127, 1, 'KALTEMP', '2016-08', '32728.08'),
(1128, 1, 'TALINAY', '2016-08', '88615.59'),
(1129, 1, 'GENERHOM', '2016-08', '1128.20'),
(1130, 1, 'RIO HUASCO', '2016-08', '19778.42'),
(1131, 1, 'COLMITO', '2016-08', '658881.48'),
(1132, 1, 'AGUAS DEL MELADO', '2016-08', '130665.95'),
(1133, 1, 'ENORCHILE', '2016-08', '608345.28'),
(1134, 1, 'ALMEYDA', '2016-08', '109490.60'),
(1135, 1, 'EOLICA_TALTAL', '2016-08', '140797.65'),
(1136, 1, 'MARIA_ELENA', '2016-08', '57.47'),
(1137, 1, 'BESALCO', '2016-08', '19730.99'),
(1138, 1, 'JAVIERA', '2016-08', '331239.06'),
(1139, 1, 'ERNC1', '2016-08', '59828.10'),
(1140, 1, 'PUCLARO', '2016-08', '18611.37'),
(1141, 1, 'EGP_SUR', '2016-08', '101347.55'),
(1142, 1, 'EL_MORADO', '2016-08', '109104.74'),
(1143, 1, 'CHUNGUNGO', '2016-08', '362118.18'),
(1144, 1, 'SPVP4', '2016-08', '25602.11'),
(1145, 1, 'AGSA', '2016-08', '9324.73'),
(1146, 1, 'KDM_ENERGIA', '2016-08', '129691.87'),
(1147, 1, 'LA CONFLUENCIA', '2016-08', '388624.68'),
(1148, 1, 'ENDESA', '2016-09', '4462930.76'),
(1149, 1, 'AES GENER', '2016-09', '206615.46'),
(1150, 1, 'COLBUN', '2016-09', '7287530.27'),
(1151, 1, 'SGA', '2016-09', '26269.97'),
(1152, 1, 'TECNORED', '2016-09', '393553.27'),
(1153, 1, 'NUEVA ENERGIA', '2016-09', '156953.77');
INSERT INTO `empresa_transaccion` (`id`, `id_transaccion`, `id_empresa`, `periodo`, `monto`) VALUES
(1154, 1, 'PACIFIC HYDRO', '2016-09', '164100.51'),
(1155, 1, 'ELECTRICA CENIZAS', '2016-09', '316415.00'),
(1156, 1, 'ENLASA', '2016-09', '4421.41'),
(1157, 1, 'PARQUE_EOLICO_LEBU', '2016-09', '28029.14'),
(1158, 1, 'GAS SUR', '2016-09', '245724.96'),
(1159, 1, 'GENPAC', '2016-09', '5025.66'),
(1160, 1, 'MONTE REDONDO', '2016-09', '571433.91'),
(1161, 1, 'EMELDA', '2016-09', '30508.90'),
(1162, 1, 'NUEVA DEGAN', '2016-09', '2476.76'),
(1163, 1, 'PEHUI', '2016-09', '347.91'),
(1164, 1, 'CARDONES SA', '2016-09', '2832.24'),
(1165, 1, 'DUKE ENERGY', '2016-09', '9219.69'),
(1166, 1, 'KALTEMP', '2016-09', '45637.04'),
(1167, 1, 'TALINAY', '2016-09', '262460.83'),
(1168, 1, 'GENERHOM', '2016-09', '1760.98'),
(1169, 1, 'RIO HUASCO', '2016-09', '23402.48'),
(1170, 1, 'COLMITO', '2016-09', '1000190.02'),
(1171, 1, 'AGUAS DEL MELADO', '2016-09', '268304.69'),
(1172, 1, 'ENORCHILE', '2016-09', '956613.14'),
(1173, 1, 'ARRAYAN_EOLICO', '2016-09', '117532.82'),
(1174, 1, 'ALMEYDA', '2016-09', '175748.10'),
(1175, 1, 'EOLICA_TALTAL', '2016-09', '240352.21'),
(1176, 1, 'MARIA_ELENA', '2016-09', '78.47'),
(1177, 1, 'JAVIERA', '2016-09', '508209.57'),
(1178, 1, 'LOS_GUINDOS', '2016-09', '6116.64'),
(1179, 1, 'ANDES_GENERACION', '2016-09', '1517.65'),
(1180, 1, 'EL_MORADO', '2016-09', '92141.97'),
(1181, 1, 'CHUNGUNGO', '2016-09', '112472.48'),
(1182, 1, 'AGSA', '2016-09', '11639.54'),
(1183, 1, 'KDM_ENERGIA', '2016-09', '259629.97'),
(1184, 1, 'LA CONFLUENCIA', '2016-09', '571127.16'),
(1185, 1, 'TRANSELEC', '2016-09', '36297.27'),
(1186, 1, 'AES GENER', '2016-10', '180855.91'),
(1187, 1, 'COLBUN', '2016-10', '11486152.43'),
(1188, 1, 'SGA', '2016-10', '74199.60'),
(1189, 1, 'TECNORED', '2016-10', '389975.62'),
(1190, 1, 'NUEVA ENERGIA', '2016-10', '96925.32'),
(1191, 1, 'PACIFIC HYDRO', '2016-10', '99794.34'),
(1192, 1, 'ELECTRICA CENIZAS', '2016-10', '235458.00'),
(1193, 1, 'PARQUE_EOLICO_LEBU', '2016-10', '36997.94'),
(1194, 1, 'GAS SUR', '2016-10', '248056.12'),
(1195, 1, 'GENPAC', '2016-10', '3830.05'),
(1196, 1, 'MONTE REDONDO', '2016-10', '676806.53'),
(1197, 1, 'EMELDA', '2016-10', '26985.81'),
(1198, 1, 'NUEVA DEGAN', '2016-10', '2748.28'),
(1199, 1, 'ENERGIA PACIFICO', '2016-10', '156185.31'),
(1200, 1, 'PEHUI', '2016-10', '241.54'),
(1201, 1, 'CARDONES SA', '2016-10', '2055.63'),
(1202, 1, 'BE FORESTALES', '2016-10', '667268.13'),
(1203, 1, 'EL CANELO', '2016-10', '50.35'),
(1204, 1, 'DUKE ENERGY', '2016-10', '8744.61'),
(1205, 1, 'KALTEMP', '2016-10', '50005.12'),
(1206, 1, 'HIDROPROVIDENCIA', '2016-10', '297336.73'),
(1207, 1, 'TALINAY', '2016-10', '107169.90'),
(1208, 1, 'GENERHOM', '2016-10', '1543.57'),
(1209, 1, 'COLMITO', '2016-10', '555724.05'),
(1210, 1, 'AGUAS DEL MELADO', '2016-10', '276836.16'),
(1211, 1, 'ENORCHILE', '2016-10', '878064.27'),
(1212, 1, 'ALMEYDA', '2016-10', '177976.16'),
(1213, 1, 'EOLICA_TALTAL', '2016-10', '49666.86'),
(1214, 1, 'MARIA_ELENA', '2016-10', '49.80'),
(1215, 1, 'BESALCO', '2016-10', '20921.65'),
(1216, 1, 'JAVIERA', '2016-10', '552815.87'),
(1217, 1, 'ERNC1', '2016-10', '8356.14'),
(1218, 1, 'EL_MORADO', '2016-10', '90944.01'),
(1219, 1, 'CHUNGUNGO', '2016-10', '143169.42'),
(1220, 1, 'AGSA', '2016-10', '9772.57'),
(1221, 1, 'KDM_ENERGIA', '2016-10', '230730.72'),
(1222, 1, 'CONEJO_SOLAR', '2016-10', '116372.85'),
(1223, 1, 'TRANSELEC', '2016-10', '17162.42'),
(1224, 1, 'ENDESA', '2016-11', '2111796.70'),
(1225, 1, 'AES GENER', '2016-11', '509416.11'),
(1226, 1, 'COLBUN', '2016-11', '6612702.08'),
(1227, 1, 'SGA', '2016-11', '43322.29'),
(1228, 1, 'TECNORED', '2016-11', '332767.35'),
(1229, 1, 'NUEVA ENERGIA', '2016-11', '117639.07'),
(1230, 1, 'PACIFIC HYDRO', '2016-11', '115204.00'),
(1231, 1, 'ELECTRICA CENIZAS', '2016-11', '220589.95'),
(1232, 1, 'GAS SUR', '2016-11', '235412.99'),
(1233, 1, 'GENPAC', '2016-11', '899.09'),
(1234, 1, 'MONTE REDONDO', '2016-11', '706944.61'),
(1235, 1, 'PANGUIPULLI', '2016-11', '141834.14'),
(1236, 1, 'EMELDA', '2016-11', '18907.57'),
(1237, 1, 'NUEVA DEGAN', '2016-11', '1086.21'),
(1238, 1, 'ENERGIA PACIFICO', '2016-11', '147147.06'),
(1239, 1, 'PEHUI', '2016-11', '215.53'),
(1240, 1, 'COMASA', '2016-11', '80551.52'),
(1241, 1, 'CARDONES SA', '2016-11', '2098.71'),
(1242, 1, 'BE FORESTALES', '2016-11', '548875.26'),
(1243, 1, 'EL CANELO', '2016-11', '45877.61'),
(1244, 1, 'DUKE ENERGY', '2016-11', '5355.19'),
(1245, 1, 'KALTEMP', '2016-11', '32919.40'),
(1246, 1, 'HIDROPROVIDENCIA', '2016-11', '257276.09'),
(1247, 1, 'TALINAY', '2016-11', '202492.13'),
(1248, 1, 'GENERHOM', '2016-11', '1256.75'),
(1249, 1, 'COLMITO', '2016-11', '414527.65'),
(1250, 1, 'AGUAS DEL MELADO', '2016-11', '142700.58'),
(1251, 1, 'ENORCHILE', '2016-11', '730366.98'),
(1252, 1, 'ALMEYDA', '2016-11', '149895.14'),
(1253, 1, 'EOLICA_TALTAL', '2016-11', '36574.29'),
(1254, 1, 'PV_SALVADOR', '2016-11', '28001.65'),
(1255, 1, 'MARIA_ELENA', '2016-11', '48.96'),
(1256, 1, 'BESALCO', '2016-11', '146728.37'),
(1257, 1, 'JAVIERA', '2016-11', '417312.35'),
(1258, 1, 'EL_MORADO', '2016-11', '81555.94'),
(1259, 1, 'AGSA', '2016-11', '10520.22'),
(1260, 1, 'KDM_ENERGIA', '2016-11', '171609.22'),
(1261, 1, 'CONEJO_SOLAR', '2016-11', '466690.06'),
(1262, 1, 'TRANSELEC', '2016-11', '19566.34'),
(1263, 1, 'ENEL_GENERACION', '2016-12', '14148348.97'),
(1264, 1, 'COLBUN', '2016-12', '1681407.06'),
(1265, 1, 'PEHUENCHE', '2016-12', '12580.37'),
(1266, 1, 'SGA', '2016-12', '50990.23'),
(1267, 1, 'TECNORED', '2016-12', '424419.18'),
(1268, 1, 'NUEVA ENERGIA', '2016-12', '108637.52'),
(1269, 1, 'PACIFIC HYDRO', '2016-12', '130727.52'),
(1270, 1, 'ELECTRICA CENIZAS', '2016-12', '274813.03'),
(1271, 1, 'ESPINOS', '2016-12', '6789.40'),
(1272, 1, 'GAS SUR', '2016-12', '252069.44'),
(1273, 1, 'GENPAC', '2016-12', '1010.27'),
(1274, 1, 'MONTE REDONDO', '2016-12', '838210.20'),
(1275, 1, 'PANGUIPULLI', '2016-12', '226722.61'),
(1276, 1, 'EMELDA', '2016-12', '18468.65'),
(1277, 1, 'NUEVA DEGAN', '2016-12', '1266.93'),
(1278, 1, 'HIDROLIRCAY', '2016-12', '8467.36'),
(1279, 1, 'ENERGIA PACIFICO', '2016-12', '67875.03'),
(1280, 1, 'PEHUI', '2016-12', '261.10'),
(1281, 1, 'CARDONES SA', '2016-12', '2330.51'),
(1282, 1, 'BE FORESTALES', '2016-12', '301353.67'),
(1283, 1, 'EL CANELO', '2016-12', '6814.37'),
(1284, 1, 'DUKE ENERGY', '2016-12', '7876.16'),
(1285, 1, 'KALTEMP', '2016-12', '37477.33'),
(1286, 1, 'HIDROPROVIDENCIA', '2016-12', '334626.26'),
(1287, 1, 'TALINAY', '2016-12', '263210.31'),
(1288, 1, 'GENERHOM', '2016-12', '1399.08'),
(1289, 1, 'COLMITO', '2016-12', '889269.37'),
(1290, 1, 'AGUAS DEL MELADO', '2016-12', '129265.68'),
(1291, 1, 'ENORCHILE', '2016-12', '882198.84'),
(1292, 1, 'ALMEYDA', '2016-12', '178200.40'),
(1293, 1, 'PV_SALVADOR', '2016-12', '62528.17'),
(1294, 1, 'MARIA_ELENA', '2016-12', '56.46'),
(1295, 1, 'BESALCO', '2016-12', '206453.60'),
(1296, 1, 'JAVIERA', '2016-12', '518567.45'),
(1297, 1, 'EGP_SUR', '2016-12', '28265.16'),
(1298, 1, 'EL_MORADO', '2016-12', '94759.40'),
(1299, 1, 'AGSA', '2016-12', '15738.09'),
(1300, 1, 'KDM_ENERGIA', '2016-12', '216277.74'),
(1301, 1, 'CONEJO_SOLAR', '2016-12', '665698.41'),
(1302, 1, 'POTENCIA', '2016-12', '3020.00'),
(1303, 20, 'Transelec', '2016-06', '361.05'),
(1304, 20, 'Colbún Transmisión', '2016-06', '13.62'),
(1305, 20, 'Chilectra', '2016-06', '0.12'),
(1306, 20, 'Transnet', '2016-06', '17.26'),
(1307, 20, 'Colbún', '2016-06', '11.13'),
(1308, 20, 'Codelco Andina', '2016-06', '0.00'),
(1309, 20, 'AJTE', '2016-06', '16.07'),
(1310, 20, 'TransChile', '2016-06', '102.25'),
(1311, 20, 'Transelec', '2016-07', '971.16'),
(1312, 20, 'Colbún Transmisión', '2016-07', '37.35'),
(1313, 20, 'Chilectra', '2016-07', '0.77'),
(1314, 20, 'Transnet', '2016-07', '55.53'),
(1315, 20, 'Colbún', '2016-07', '33.79'),
(1316, 20, 'Codelco Andina', '2016-07', '0.00'),
(1317, 20, 'AJTE', '2016-07', '44.16'),
(1318, 20, 'TransChile', '2016-07', '323.12'),
(1319, 20, 'Transelec', '2016-08', '1390.29'),
(1320, 20, 'Colbún Transmisión', '2016-08', '61.10'),
(1321, 20, 'Chilectra', '2016-08', '0.69'),
(1322, 20, 'Transnet', '2016-08', '123.56'),
(1323, 20, 'Colbún', '2016-08', '65.05'),
(1324, 20, 'Codelco Andina', '2016-08', '0.00'),
(1325, 20, 'AJTE', '2016-08', '75.85'),
(1326, 20, 'TransChile', '2016-08', '593.83'),
(1327, 20, 'Transelec', '2016-09', '2938.22'),
(1328, 20, 'Colbún Transmisión', '2016-09', '95.97'),
(1329, 20, 'Chilectra', '2016-09', '0.07'),
(1330, 20, 'Transnet', '2016-09', '196.59'),
(1331, 20, 'Colbún', '2016-09', '100.32'),
(1332, 20, 'Codelco Andina', '2016-09', '0.00'),
(1333, 20, 'AJTE', '2016-09', '121.59'),
(1334, 20, 'TransChile', '2016-09', '848.84'),
(1335, 20, 'Transelec', '2016-10', '2751.98'),
(1336, 20, 'Colbún Transmisión', '2016-10', '116.40'),
(1337, 20, 'Los Cururos', '2016-10', '5.85'),
(1338, 20, 'El Arrayán Eol', '2016-10', '5.28'),
(1339, 20, 'Chilectra', '2016-10', '1.75'),
(1340, 20, 'Transnet', '2016-10', '178.31'),
(1341, 20, 'Colbún', '2016-10', '95.99'),
(1342, 20, 'Codelco Andina', '2016-10', '0.20'),
(1343, 20, 'AJTE', '2016-10', '148.85'),
(1344, 20, 'TransChile', '2016-10', '792.94'),
(1345, 20, 'Transelec', '2016-11', '2252.32'),
(1346, 20, 'Colbún Transmisión', '2016-11', '103.07'),
(1347, 20, 'Los Cururos', '2016-11', '4.69'),
(1348, 20, 'El Arrayán Eol', '2016-11', '4.49'),
(1349, 20, 'Chilectra', '2016-11', '1.28'),
(1350, 20, 'Transnet', '2016-11', '158.17'),
(1351, 20, 'Colbún', '2016-11', '91.85'),
(1352, 20, 'Codelco Andina', '2016-11', '0.29'),
(1353, 20, 'AJTE', '2016-11', '132.56'),
(1354, 20, 'TransChile', '2016-11', '688.67'),
(1355, 20, 'Transelec', '2016-12', '3487.72'),
(1356, 20, 'Colbún Transmisión', '2016-12', '159.36'),
(1357, 20, 'Los Cururos', '2016-12', '5.54'),
(1358, 20, 'El Arrayán Eol', '2016-12', '5.87'),
(1359, 20, 'Chilectra', '2016-12', '2.07'),
(1360, 20, 'Transnet', '2016-12', '235.67'),
(1361, 20, 'Colbún', '2016-12', '192.41'),
(1362, 20, 'Codelco Andina', '2016-12', '0.10'),
(1363, 20, 'AJTE', '2016-12', '212.95'),
(1364, 20, 'TransChile', '2016-12', '1150.73'),
(1365, 24, 'Transelec', '2016-06', '70.89'),
(1366, 24, 'COLBUN_TRANSMISION', '2016-06', '-0.03'),
(1367, 24, 'AJTE', '2016-06', '-0.05'),
(1368, 24, 'TransChile', '2016-06', '12.26'),
(1369, 24, 'COLBUN', '2016-06', '0.00'),
(1370, 24, 'CODELCO_ANDINA', '2016-06', '0.00'),
(1371, 24, 'Transelec', '2016-07', '112.03'),
(1372, 24, 'COLBUN_TRANSMISION', '2016-07', '0.89'),
(1373, 24, 'AJTE', '2016-07', '1.54'),
(1374, 24, 'TransChile', '2016-07', '-21.97'),
(1375, 24, 'COLBUN', '2016-07', '0.00'),
(1376, 24, 'CODELCO_ANDINA', '2016-07', '0.00'),
(1561, 22, 'TRANSNET', '2016-01', '4720.00'),
(1560, 22, 'TRANSELEC', '2016-01', '2052.42'),
(1559, 22, 'STS', '2016-01', '116.90'),
(1558, 22, 'PETROPOWER', '2016-01', '1.41'),
(1557, 22, 'LUZPARRAL', '2016-01', '24.21'),
(1556, 22, 'LUZLINARES', '2016-01', '47.71'),
(1555, 22, 'INDURA', '2016-01', '1.73'),
(1554, 22, 'FRONTEL', '2016-01', '192.92'),
(1553, 22, 'ENDESA (CELTA)', '2016-01', '23.15'),
(1552, 22, 'COPELEC', '2016-01', '64.45'),
(1551, 22, 'COLBUN', '2016-01', '7.58'),
(1549, 22, 'CEC', '2016-01', '10.82'),
(1550, 22, 'CODINER', '2016-01', '0.93'),
(1548, 22, 'AES GENER', '2016-01', '1.95'),
(1546, 29, 'Pehuenche', '2016-02', '2768.00'),
(1547, 29, 'Colbun', '2016-02', '25.00'),
(1545, 29, 'CGE Distribución', '2016-01', '1703.00'),
(1544, 23, 'TransChile', '2016-12', '162.02'),
(1543, 23, 'AJTE', '2016-12', '25.09'),
(1542, 23, 'Codelco Andina', '2016-12', '0.03'),
(1541, 23, 'Colbún', '2016-12', '6.46'),
(1540, 23, 'Colbún Transmisión', '2016-12', '2.72'),
(1539, 23, 'Transelec', '2016-12', '574.91'),
(1538, 23, 'TransChile', '2016-11', '91.72'),
(1537, 23, 'AJTE', '2016-11', '17.11'),
(1536, 23, 'Codelco Andina', '2016-11', '0.07'),
(1535, 23, 'Colbún', '2016-11', '0.09'),
(1534, 23, 'Colbún Transmisión', '2016-11', '3.81'),
(1533, 23, 'Transelec', '2016-11', '344.12'),
(1532, 23, 'TransChile', '2016-10', '112.06'),
(1531, 23, 'AJTE', '2016-10', '20.40'),
(1530, 23, 'Codelco Andina', '2016-10', '0.02'),
(1529, 23, 'Colbún', '2016-10', '0.00'),
(1528, 23, 'Colbún Transmisión', '2016-10', '17.40'),
(1527, 23, 'Transelec', '2016-10', '56.92'),
(1526, 23, 'TransChile', '2016-09', '80.01'),
(1525, 23, 'AJTE', '2016-09', '5.11'),
(1524, 23, 'Codelco Andina', '2016-09', '0.00'),
(1523, 23, 'Colbún', '2016-09', '0.22'),
(1522, 23, 'Colbún Transmisión', '2016-09', '-7.76'),
(1521, 23, 'Transelec', '2016-09', '490.25'),
(1520, 23, 'TransChile', '2016-08', '41.30'),
(1519, 23, 'AJTE', '2016-08', '9.12'),
(1518, 23, 'Codelco Andina', '2016-08', '0.00'),
(1517, 23, 'Colbún', '2016-08', '0.04'),
(1516, 23, 'Colbún Transmisión', '2016-08', '10.76'),
(1515, 23, 'Transelec', '2016-08', '972.15'),
(1514, 23, 'TransChile', '2016-07', '41.57'),
(1513, 23, 'AJTE', '2016-07', '6.47'),
(1512, 23, 'Codelco Andina', '2016-07', '0.00'),
(1511, 23, 'Colbún', '2016-07', '0.00'),
(1510, 23, 'Colbún Transmisión', '2016-07', '7.81'),
(1509, 23, 'Transelec', '2016-07', '-32743.94'),
(1508, 23, 'TransChile', '2016-06', '-15.53'),
(1507, 23, 'AJTE', '2016-06', '2.53'),
(1506, 23, 'Codelco Andina', '2016-06', '0.00'),
(1505, 23, 'Colbún', '2016-06', '0.00'),
(1504, 23, 'Colbún Transmisión', '2016-06', '2.15'),
(1503, 23, 'Transelec', '2016-06', '-39117.95'),
(1502, 23, 'Transelec', '2016-03', '-26251.07'),
(1501, 25, 'TRANSCHILE', '2016-12', '249.00'),
(1500, 25, 'CGE_DISTRIBUCION', '2016-12', '624.00'),
(1499, 25, 'STS', '2016-12', '701.00'),
(1498, 25, 'FRONTEL', '2016-12', '62.00'),
(1497, 25, 'CHILQUINTA', '2016-12', '120.00'),
(1496, 25, 'CHILECTRA', '2016-12', '120.00'),
(1495, 25, 'TRANSELEC', '2016-12', '14383.00'),
(1494, 25, 'DUKE ENERGY', '2016-12', '724.00'),
(1493, 25, 'SWC', '2016-12', '780.00'),
(1492, 25, 'PANGUIPULLI', '2016-12', '137.00'),
(1491, 25, 'SGA', '2016-12', '858.00'),
(1490, 25, 'PEHUENCHE', '2016-12', '34363.00'),
(1489, 25, 'TRANSCHILE', '2016-11', '288.00'),
(1488, 25, 'TRANSNET', '2016-11', '722.00'),
(1487, 25, 'STS', '2016-11', '812.00'),
(1486, 25, 'FRONTEL', '2016-11', '72.00'),
(1485, 25, 'CHILQUINTA', '2016-11', '140.00'),
(1484, 25, 'Chilectra', '2016-11', '138.00'),
(1483, 25, 'TRANSELEC', '2016-11', '16662.00'),
(1482, 25, 'DUKE ENERGY', '2016-11', '838.00'),
(1481, 25, 'SWC', '2016-11', '904.00'),
(1480, 25, 'PANGUIPULLI', '2016-11', '538.00'),
(1479, 25, 'SGA', '2016-11', '1697.00'),
(1478, 25, 'PEHUENCHE', '2016-11', '1635.00'),
(1477, 25, 'ENDESA', '2016-11', '18143.00'),
(1476, 25, 'TRANSCHILE', '2016-10', '124.00'),
(1475, 25, 'TRANSNET', '2016-10', '312.00'),
(1474, 25, 'STS', '2016-10', '351.00'),
(1473, 25, 'FRONTEL', '2016-10', '31.00'),
(1472, 25, 'CHILQUINTA', '2016-10', '60.00'),
(1471, 25, 'CHILECTRA', '2016-10', '60.00'),
(1470, 25, 'TRANSELEC', '2016-10', '7207.00'),
(1469, 25, 'DUKE ENERGY', '2016-10', '362.00'),
(1468, 25, 'SWC', '2016-10', '391.00'),
(1467, 25, 'SGA', '2016-10', '378.00'),
(1466, 25, 'PEHUENCHE', '2016-10', '24481.00'),
(1465, 25, 'ENDESA', '2016-10', '3306.00'),
(1464, 25, 'TRANSCHILE', '2016-09', '264.00'),
(1463, 25, 'TRANSNET', '2016-09', '664.00'),
(1462, 25, 'STS', '2016-09', '746.00'),
(1461, 25, 'FRONTEL', '2016-09', '66.00'),
(1459, 25, 'CHILECTRA', '2016-09', '127.00'),
(1460, 25, 'CHILQUINTA', '2016-09', '128.00'),
(1458, 25, 'TRANSELEC', '2016-09', '15234.00'),
(1456, 25, 'SWC', '2016-09', '831.00'),
(1457, 25, 'DUKE ENERGY', '2016-09', '771.00'),
(1455, 25, 'SGA', '2016-09', '896.00'),
(1454, 25, 'PEHUENCHE', '2016-09', '30214.00'),
(1453, 25, 'ENDESA', '2016-09', '17352.00'),
(1452, 25, 'TRANSCHILE', '2016-08', '147.00'),
(1451, 25, 'TRANSNET', '2016-08', '368.00'),
(1450, 25, 'STS', '2016-08', '414.00'),
(1449, 25, 'FRONTEL', '2016-08', '36.00'),
(1448, 25, 'CHILQUINTA', '2016-08', '71.00'),
(1447, 25, 'CHILECTRA', '2016-08', '71.00'),
(1446, 25, 'TRANSELEC', '2016-08', '8713.00'),
(1445, 25, 'DUKE ENERGY', '2016-08', '439.00'),
(1444, 25, 'SWC', '2016-08', '472.00'),
(1443, 25, 'SGA', '2016-08', '847.00'),
(1442, 25, 'PEHUENCHE', '2016-08', '14613.00'),
(1441, 25, 'ENDESA', '2016-08', '4055.00'),
(1440, 25, 'TRANSCHILE', '2016-07', '123.00'),
(1439, 25, 'TRANSNET', '2016-07', '310.00'),
(1438, 25, 'STS', '2016-07', '348.00'),
(1437, 25, 'FRONTEL', '2016-07', '31.00'),
(1436, 25, 'CHILQUINTA', '2016-07', '60.00'),
(1435, 25, 'CHILECTRA', '2016-07', '59.00'),
(1434, 25, 'TRANSELEC', '2016-07', '7322.00'),
(1433, 25, 'DUKE ENERGY', '2016-07', '369.00'),
(1432, 25, 'SWC', '2016-07', '396.00'),
(1431, 25, 'PANGUIPULLI', '2016-07', '77.00'),
(1430, 25, 'SGA', '2016-07', '454.00'),
(1429, 25, 'PEHUENCHE', '2016-07', '4010.00'),
(1428, 25, 'ENDESA', '2016-07', '1527.00'),
(1427, 25, 'TRANSCHILE', '2016-06', '220.00'),
(1426, 25, 'TRANSNET', '2016-06', '551.00'),
(1425, 25, 'STS', '2016-06', '619.00'),
(1424, 25, 'FRONTEL', '2016-06', '55.00'),
(1422, 25, 'CHILECTRA', '2016-06', '106.00'),
(1423, 25, 'CHILQUINTA', '2016-06', '106.00'),
(1421, 25, 'TRANSELEC', '2016-06', '12699.00'),
(1420, 25, 'DUKE ENERGY', '2016-06', '656.00'),
(1419, 25, 'SWC', '2016-06', '707.00'),
(1418, 25, 'SGA', '2016-06', '822.00'),
(1417, 25, 'PEHUENCHE', '2016-06', '1365.00'),
(1416, 25, 'COLBUN', '2016-06', '40300.00'),
(1415, 25, 'ENDESA', '2016-06', '36411.00'),
(1414, 25, 'TRANSCHILE', '2016-05', '96.00'),
(1413, 25, 'TRANSNET', '2016-05', '240.00'),
(1412, 25, 'STS', '2016-05', '270.00'),
(1411, 25, 'FRONTEL', '2016-05', '24.00'),
(1410, 25, 'CHILQUINTA', '2016-05', '46.00'),
(1409, 25, 'CHILECTRA', '2016-05', '46.00'),
(1408, 25, 'TRANSELEC', '2016-05', '5523.00'),
(1407, 25, 'DUKE ENERGY', '2016-05', '288.00'),
(1406, 25, 'SWC', '2016-05', '308.00'),
(1405, 25, 'SGA', '2016-05', '380.00'),
(1404, 25, 'PEHUENCHE', '2016-05', '490.00'),
(1403, 25, 'COLBUN', '2016-05', '17720.00'),
(1402, 25, 'ENDESA', '2016-05', '1690.00'),
(1401, 25, 'TRANSCHILE', '2016-04', '5.00'),
(1400, 25, 'TRANSNET', '2016-04', '12.00'),
(1399, 25, 'STS', '2016-04', '14.00'),
(1398, 25, 'FRONTEL', '2016-04', '1.00'),
(1397, 25, 'CHILQUINTA', '2016-04', '2.00'),
(1396, 25, 'CHILECTRA', '2016-04', '2.00'),
(1395, 25, 'TRANSELEC', '2016-04', '280.00'),
(1394, 25, 'DUKE ENERGY', '2016-04', '14.00'),
(1393, 25, 'SWC', '2016-04', '15.00'),
(1392, 25, 'SGA', '2016-04', '20.00'),
(1391, 25, 'COLBUN', '2016-04', '671.00'),
(1390, 25, 'ENDESA', '2016-04', '775.00'),
(1389, 25, 'TRANSCHILE', '2016-03', '51.00'),
(1388, 25, 'TRANSNET', '2016-03', '127.00'),
(1387, 25, 'STS', '2016-03', '143.00'),
(1386, 25, 'FRONTEL', '2016-03', '13.00'),
(1385, 25, 'CHILQUINTA', '2016-03', '25.00'),
(1384, 25, 'CHILECTRA', '2016-03', '24.00'),
(1383, 25, 'TRANSELEC', '2016-03', '3033.00'),
(1382, 25, 'DUKE ENERGY', '2016-03', '160.00'),
(1381, 25, 'SWC', '2016-03', '172.00'),
(1380, 25, 'PANGUIPULLI', '2016-03', '180.00'),
(1379, 25, 'SGA', '2016-03', '194.00'),
(1378, 25, 'PEHUENCHE', '2016-03', '1762.00'),
(1377, 25, 'COLBUN', '2016-03', '946.00'),
(1562, 22, 'AES GENER', '2016-02', '7.27'),
(1563, 22, 'CEC', '2016-02', '41.01'),
(1564, 22, 'CODINER', '2016-02', '2.98'),
(1565, 22, 'COLBUN', '2016-02', '27.94'),
(1566, 22, 'COPELEC', '2016-02', '231.59'),
(1567, 22, 'ENDESA (CELTA)', '2016-02', '73.92'),
(1568, 22, 'FRONTEL', '2016-02', '752.75'),
(1569, 22, 'INDURA', '2016-02', '6.20'),
(1570, 22, 'LUZLINARES', '2016-02', '172.01'),
(1571, 22, 'LUZPARRAL', '2016-02', '86.75'),
(1572, 22, 'PETROPOWER', '2016-02', '4.49'),
(1573, 22, 'STS', '2016-02', '368.19'),
(1574, 22, 'TRANSELEC', '2016-02', '7225.78'),
(1575, 22, 'TRANSNET', '2016-02', '16461.74'),
(1576, 22, 'AES GENER', '2016-03', '5.47'),
(1577, 22, 'CEC', '2016-03', '35.27'),
(1578, 22, 'CODINER', '2016-03', '2.26'),
(1579, 22, 'COLBUN', '2016-03', '23.58'),
(1580, 22, 'COPELEC', '2016-03', '201.02'),
(1581, 22, 'ENDESA (CELTA)', '2016-03', '63.49'),
(1582, 22, 'FRONTEL', '2016-03', '667.84'),
(1583, 22, 'INDURA', '2016-03', '5.38'),
(1584, 22, 'LUZLINARES', '2016-03', '150.20'),
(1585, 22, 'LUZPARRAL', '2016-03', '75.30'),
(1586, 22, 'PETROPOWER', '2016-03', '3.85'),
(1587, 22, 'STS', '2016-03', '308.28'),
(1588, 22, 'TRANSELEC', '2016-03', '6466.31'),
(1589, 22, 'TRANSNET', '2016-03', '14116.09'),
(1590, 22, 'AES GENER', '2016-04', '0.10'),
(1591, 22, 'CEC', '2016-04', '0.59'),
(1592, 22, 'CODINER', '2016-04', '0.04'),
(1593, 22, 'COLBUN', '2016-04', '1.13'),
(1594, 22, 'COPELEC', '2016-04', '3.42'),
(1595, 22, 'ENDESA (CELTA)', '2016-04', '1.25'),
(1596, 22, 'FRONTEL', '2016-04', '13.27'),
(1597, 22, 'INDURA', '2016-04', '0.09'),
(1598, 22, 'LUZLINARES', '2016-04', '2.55'),
(1599, 22, 'LUZPARRAL', '2016-04', '1.27'),
(1600, 22, 'PETROPOWER', '2016-04', '0.08'),
(1601, 22, 'STS', '2016-04', '6.18'),
(1602, 22, 'TRANSELEC', '2016-04', '115.61'),
(1603, 22, 'TRANSNET', '2016-04', '255.26'),
(1604, 22, 'AES GENER', '2016-06', '6.61'),
(1605, 22, 'CEC', '2016-06', '42.28'),
(1606, 22, 'CODINER', '2016-06', '3.88'),
(1607, 22, 'COLBUN', '2016-06', '67.43'),
(1608, 22, 'COPELEC', '2016-06', '245.46'),
(1609, 22, 'ENDESA (CELTA)', '2016-06', '95.37'),
(1610, 22, 'FRONTEL', '2016-06', '965.59'),
(1611, 22, 'INDURA', '2016-06', '6.55'),
(1612, 22, 'LUZLINARES', '2016-06', '183.19'),
(1613, 22, 'LUZPARRAL', '2016-06', '91.70'),
(1614, 22, 'PETROPOWER', '2016-06', '5.79'),
(1615, 22, 'STS', '2016-06', '449.88'),
(1616, 22, 'TRANSELEC', '2016-06', '8879.51'),
(1617, 22, 'TRANSNET', '2016-06', '19009.16'),
(1618, 22, 'AES GENER', '2016-05', '2.61'),
(1619, 22, 'CEC', '2016-05', '12.01'),
(1620, 22, 'CODINER', '2016-05', '1.10'),
(1621, 22, 'COLBUN', '2016-05', '33.98'),
(1622, 22, 'COPELEC', '2016-05', '68.27'),
(1623, 22, 'ENDESA (CELTA)', '2016-05', '26.63'),
(1624, 22, 'FRONTEL', '2016-05', '278.16'),
(1625, 22, 'INDURA', '2016-05', '1.82'),
(1626, 22, 'LUZLINARES', '2016-05', '51.00'),
(1627, 22, 'LUZPARRAL', '2016-05', '25.53'),
(1628, 22, 'PETROPOWER', '2016-05', '1.62'),
(1629, 22, 'STS', '2016-05', '137.08'),
(1630, 22, 'TRANSELEC', '2016-05', '2364.80'),
(1631, 22, 'TRANSNET', '2016-05', '5172.86'),
(1632, 22, 'AES GENER', '2016-07', '9.71'),
(1633, 22, 'CEC', '2016-07', '54.92'),
(1634, 22, 'CODINER', '2016-07', '4.72'),
(1635, 22, 'COLBUN', '2016-07', '42.56'),
(1636, 22, 'COPELEC', '2016-07', '319.03'),
(1637, 22, 'ENDESA (CELTA)', '2016-07', '131.75'),
(1638, 22, 'FRONTEL', '2016-07', '1359.41'),
(1639, 22, 'INDURA', '2016-07', '8.54'),
(1640, 22, 'LUZLINARES', '2016-07', '238.72'),
(1641, 22, 'LUZPARRAL', '2016-07', '119.50'),
(1642, 22, 'PETROPOWER', '2016-07', '8.00'),
(1643, 22, 'STS', '2016-07', '589.07'),
(1644, 22, 'TRANSELEC', '2016-07', '10939.09'),
(1645, 22, 'TRANSNET', '2016-07', '25536.00'),
(1646, 22, 'AES GENER', '2016-08', '19.04'),
(1647, 22, 'CEC', '2016-08', '87.45'),
(1648, 22, 'CODINER', '2016-08', '8.80'),
(1649, 22, 'COLBUN', '2016-08', '76.34'),
(1650, 22, 'COPELEC', '2016-08', '508.01'),
(1651, 22, 'ENDESA (CELTA)', '2016-08', '217.98'),
(1652, 22, 'FRONTEL', '2016-08', '2224.48'),
(1653, 22, 'INDURA', '2016-08', '13.59'),
(1654, 22, 'LUZLINARES', '2016-08', '380.31'),
(1655, 22, 'LUZPARRAL', '2016-08', '190.29'),
(1656, 22, 'PETROPOWER', '2016-08', '13.23'),
(1657, 22, 'STS', '2016-08', '1030.00'),
(1658, 22, 'TRANSELEC', '2016-08', '16723.06'),
(1659, 22, 'TRANSNET', '2016-08', '42152.22'),
(1660, 22, 'AES GENER', '2016-09', '74.62'),
(1661, 22, 'CEC', '2016-09', '119.90'),
(1662, 22, 'CHILECTRA', '2016-09', '1.95'),
(1663, 22, 'CHILQUINTA', '2016-09', '498.90'),
(1664, 22, 'CODINER', '2016-09', '9.93'),
(1665, 22, 'COLBUN', '2016-09', '111.31'),
(1666, 22, 'COPELEC', '2016-09', '667.09'),
(1667, 22, 'ELECDA', '2016-09', '67.19'),
(1668, 22, 'ENDESA (CELTA)', '2016-09', '281.14'),
(1669, 22, 'FRONTEL', '2016-09', '3018.31'),
(1670, 22, 'INDURA', '2016-09', '17.84'),
(1671, 22, 'LITORAL', '2016-09', '9.06'),
(1672, 22, 'LUZLINARES', '2016-09', '551.59'),
(1673, 22, 'LUZPARRAL', '2016-09', '249.71'),
(1674, 22, 'PETROPOWER', '2016-09', '17.07'),
(1675, 22, 'STS', '2016-09', '1328.70'),
(1676, 22, 'TRANSELEC', '2016-09', '24142.62'),
(1677, 22, 'TRANSNET', '2016-09', '55826.37'),
(1678, 22, 'AES GENER', '2016-10', '65.31'),
(1679, 22, 'CEC', '2016-10', '112.37'),
(1680, 22, 'CHILECTRA', '2016-10', '1.79'),
(1681, 22, 'CHILQUINTA', '2016-10', '460.03'),
(1682, 22, 'CODINER', '2016-10', '9.27'),
(1683, 22, 'COLBUN', '2016-10', '103.25'),
(1684, 22, 'COPELEC', '2016-10', '634.23'),
(1685, 22, 'ELECDA', '2016-10', '66.65'),
(1686, 22, 'ENDESA (CELTA)', '2016-10', '261.56'),
(1687, 22, 'FRONTEL', '2016-10', '2895.14'),
(1688, 22, 'INDURA', '2016-10', '16.94'),
(1689, 22, 'LITORAL', '2016-10', '8.35'),
(1690, 22, 'LUZLINARES', '2016-10', '521.67'),
(1691, 22, 'LUZPARRAL', '2016-10', '237.19'),
(1692, 22, 'PETROPOWER', '2016-10', '15.88'),
(1693, 22, 'STS', '2016-10', '1194.00'),
(1694, 22, 'TRANSELEC', '2016-10', '22630.70'),
(1695, 22, 'TRANSNET', '2016-10', '52003.55'),
(1696, 22, 'AES GENER', '2016-11', '59.08'),
(1697, 22, 'CEC', '2016-11', '111.44'),
(1698, 22, 'CHILECTRA', '2016-11', '1.64'),
(1699, 22, 'CHILQUINTA', '2016-11', '406.42'),
(1700, 22, 'CODINER', '2016-11', '8.17'),
(1701, 22, 'COLBUN', '2016-11', '95.50'),
(1702, 22, 'COPELEC', '2016-11', '626.77'),
(1703, 22, 'ELECDA', '2016-11', '62.98'),
(1704, 22, 'ENDESA (CELTA)', '2016-11', '230.66'),
(1705, 22, 'FRONTEL', '2016-11', '2308.94'),
(1706, 22, 'INDURA', '2016-11', '16.69'),
(1707, 22, 'LITORAL', '2016-11', '7.63'),
(1708, 22, 'LUZLINARES', '2016-11', '491.39'),
(1709, 22, 'LUZPARRAL', '2016-11', '233.69'),
(1710, 22, 'PETROPOWER', '2016-11', '14.00'),
(1711, 22, 'STS', '2016-11', '1048.47'),
(1712, 22, 'TRANSELEC', '2016-11', '20091.75'),
(1713, 22, 'TRANSNET', '2016-11', '48656.73'),
(1714, 22, 'AES GENER', '2016-12', '84.36'),
(1715, 22, 'CEC', '2016-12', '165.13'),
(1716, 22, 'CHILECTRA', '2016-12', '2.39'),
(1717, 22, 'CHILQUINTA', '2016-12', '613.15'),
(1718, 22, 'CODINER', '2016-12', '12.02'),
(1719, 22, 'COLBUN', '2016-12', '145.02'),
(1720, 22, 'COPELEC', '2016-12', '958.21'),
(1721, 22, 'ELECDA', '2016-12', '99.70'),
(1722, 22, 'ENDESA (CELTA)', '2016-12', '337.83'),
(1723, 22, 'FRONTEL', '2016-12', '3373.68'),
(1724, 22, 'INDURA', '2016-12', '25.64'),
(1725, 22, 'LITORAL', '2016-12', '11.42'),
(1726, 22, 'LUZLINARES', '2016-12', '744.53'),
(1727, 22, 'LUZPARRAL', '2016-12', '358.92'),
(1728, 22, 'PETROPOWER', '2016-12', '20.51'),
(1729, 22, 'STS', '2016-12', '1612.31'),
(1730, 22, 'TRANSELEC', '2016-12', '32007.08'),
(1731, 22, 'TRANSNET', '2016-12', '72216.07'),
(1732, 26, 'CGE Distribución', '2016-03', '317112.07'),
(1733, 26, 'CGE Distribución', '2016-05', '365399.60'),
(1734, 26, 'CGE Distribución', '2016-09', '388266.81'),
(1735, 21, 'CGE Distribución', '2016-01', '7265.00'),
(1736, 21, 'TRANSNET', '2016-05', '21.68'),
(1737, 21, 'TRANSNET', '2016-06', '77.29'),
(1738, 21, 'TRANSNET', '2016-07', '101.40'),
(1739, 21, 'TRANSNET', '2016-08', '161.93'),
(1740, 21, 'ENDESA', '2016-09', '8.95'),
(1741, 21, 'CHILECTRA (ENTEL)', '2016-09', '0.47'),
(1742, 21, 'TRANSELEC', '2016-09', '0.42'),
(1743, 21, 'TRANSNET', '2016-09', '212.01'),
(1744, 21, 'ENDESA', '2016-10', '8.70'),
(1745, 21, 'CHILECTRA (ENTEL)', '2016-10', '0.43'),
(1746, 21, 'TRANSELEC', '2016-10', '0.40'),
(1747, 21, 'TRANSNET', '2016-10', '201.56'),
(1748, 21, 'ENDESA', '2016-11', '8.18'),
(1749, 21, 'CHILECTRA (ENTEL)', '2016-11', '0.39'),
(1750, 21, 'TRANSELEC', '2016-11', '0.38'),
(1751, 21, 'TRANSNET', '2016-11', '201.15'),
(1752, 21, 'ENDESA', '2016-12', '12.74'),
(1753, 21, 'CHILECTRA (ENTEL)', '2016-12', '0.58'),
(1754, 21, 'TRANSELEC', '2016-12', '0.59'),
(1755, 21, 'TRANSNET', '2016-12', '309.60'),
(1756, 3, 'CGE Distribución', '2016-01', '7.00'),
(1757, 3, 'CGE Distribución', '2016-02', '16.00'),
(1758, 3, 'CGE Distribución', '2016-03', '7.00'),
(1759, 3, 'CGE Distribución', '2016-10', '1.00'),
(1760, 3, 'CGE Distribución', '2016-11', '7.00'),
(1761, 3, 'CGE Distribución', '2016-12', '47.00'),
(1762, 4, 'CGE Distribución', '2016-01', '9657.00'),
(1763, 4, 'CGE Distribución', '2016-02', '33210.00'),
(1764, 4, 'CGE Distribución', '2016-03', '26469.00'),
(1765, 4, 'CGE Distribución', '2016-04', '532.00'),
(1766, 4, 'CGE Distribución', '2016-05', '10511.00'),
(1767, 4, 'CGE Distribución', '2016-06', '37310.00'),
(1768, 4, 'CGE Distribución', '2016-07', '49688.00'),
(1769, 4, 'CGE Distribución', '2016-08', '84776.00'),
(1770, 4, 'CGE Distribución', '2016-09', '122525.00'),
(1771, 4, 'CGE Distribución', '2016-10', '101560.00'),
(1772, 4, 'CGE Distribución', '2016-10', '111780.00'),
(1773, 4, 'CGE Distribución', '2016-12', '143746.00'),
(1774, 5, 'CGE Distribución', '2016-01', '7265.00'),
(1775, 5, 'CGE Distribución', '2016-02', '25463.00'),
(1776, 5, 'CGE Distribución', '2016-03', '22124.00'),
(1777, 5, 'CGE Distribución', '2016-04', '401.00'),
(1778, 5, 'CGE Distribución', '2016-05', '8199.00'),
(1779, 5, 'CGE Distribución', '2016-06', '30130.00'),
(1780, 5, 'CGE Distribución', '2016-07', '39462.00'),
(1781, 5, 'CGE Distribución', '2016-08', '63807.00'),
(1782, 5, 'CGE Distribución', '2016-09', '84193.00'),
(1783, 5, 'CGE Distribución', '2016-10', '78522.00'),
(1784, 5, 'CGE Distribución', '2016-11', '71977.00'),
(1785, 5, 'CGE Distribución', '2016-12', '108874.00'),
(1797, 6, 'CODELCO_ANDINA', '2016-07', '0.00'),
(1796, 6, 'COLBUN', '2016-07', '0.00'),
(1795, 6, 'TransChile', '2016-07', '-21.97'),
(1794, 6, 'AJTE', '2016-07', '1.54'),
(1793, 6, 'COLBUN_TRANSMISION', '2016-07', '0.89'),
(1792, 6, 'Transelec', '2016-07', '112.03');

-- --------------------------------------------------------

--
-- Estructura de tabla para la tabla `factura`
--

CREATE TABLE IF NOT EXISTS `factura` (
  `id` int(10) NOT NULL,
  `id_status` int(2) NOT NULL,
  `observacion` text NOT NULL,
  `fecha` date NOT NULL,
  `vence` varchar(12) NOT NULL,
  `id_empresa` varchar(100) NOT NULL,
  `id_periodo` varchar(7) NOT NULL,
  `id_tipo_documento` int(3) NOT NULL,
  PRIMARY KEY (`id`)
) ENGINE=MyISAM DEFAULT CHARSET=latin1;

--
-- Volcar la base de datos para la tabla `factura`
--

INSERT INTO `factura` (`id`, `id_status`, `observacion`, `fecha`, `vence`, `id_empresa`, `id_periodo`, `id_tipo_documento`) VALUES
(1502, 4, 'TODO NORMAL', '2017-05-25', '2017-05-31', 'ALBA', '2017-04', 33),
(1503, 3, 'N/A', '2017-05-25', '2017-05-31', 'CAREN', '2017-04', 33),
(1504, 5, '', '2017-05-25', '2017-05-31', 'BARRICK', '2017-04', 33),
(1505, 1, '', '2017-05-25', '2017-05-31', 'ENDESA', '2016-01', 33),
(1506, 1, '', '2017-05-25', '2017-05-31', 'ARRAYAN_EOLICO', '2016-01', 33);

-- --------------------------------------------------------

--
-- Estructura de tabla para la tabla `factura_concepto`
--

CREATE TABLE IF NOT EXISTS `factura_concepto` (
  `id` int(10) NOT NULL AUTO_INCREMENT,
  `id_factura` int(10) NOT NULL,
  `id_concepto` int(5) NOT NULL,
  `canti` int(11) NOT NULL,
  `monto` decimal(12,2) NOT NULL,
  `extendido` decimal(12,2) NOT NULL,
  `exento` decimal(12,2) NOT NULL,
  `iva` decimal(12,2) NOT NULL,
  `descuento_por` decimal(12,2) NOT NULL,
  `recargo_por` decimal(12,2) NOT NULL,
  `descuento_efe` decimal(12,2) NOT NULL,
  `recargo_efe` decimal(12,2) NOT NULL,
  `total` decimal(12,2) NOT NULL,
  PRIMARY KEY (`id`)
) ENGINE=MyISAM  DEFAULT CHARSET=latin1 AUTO_INCREMENT=9 ;

--
-- Volcar la base de datos para la tabla `factura_concepto`
--

INSERT INTO `factura_concepto` (`id`, `id_factura`, `id_concepto`, `canti`, `monto`, `extendido`, `exento`, `iva`, `descuento_por`, `recargo_por`, `descuento_efe`, `recargo_efe`, `total`) VALUES
(1, 1502, 7, 145, '2170.00', '314650.00', '0.00', '59783.50', '0.00', '0.00', '0.00', '0.00', '374433.50'),
(2, 1502, 8, 162, '3582.00', '580284.00', '0.00', '110253.96', '0.00', '0.00', '0.00', '0.00', '690537.96'),
(3, 1503, 1, 191, '3394.00', '648254.00', '0.00', '123168.26', '0.00', '0.00', '0.00', '0.00', '771422.26'),
(4, 1503, 9, 37, '4467.00', '165279.00', '0.00', '31403.01', '0.00', '0.00', '0.00', '0.00', '196682.01'),
(5, 1503, 6, 1, '34990.00', '34990.00', '34990.00', '0.00', '0.00', '0.00', '0.00', '0.00', '34990.00'),
(6, 1504, 1, 1, '250648.00', '250648.00', '0.00', '47623.12', '0.00', '0.00', '0.00', '0.00', '298271.12'),
(7, 1505, 1, 1, '1282328.36', '1282328.36', '0.00', '243642.39', '0.00', '0.00', '0.00', '0.00', '1525970.75'),
(8, 1506, 1, 1, '8171.56', '8171.56', '0.00', '1552.60', '0.00', '0.00', '0.00', '0.00', '9724.16');

-- --------------------------------------------------------

--
-- Estructura de tabla para la tabla `factura_transaccion`
--

CREATE TABLE IF NOT EXISTS `factura_transaccion` (
  `id` int(10) NOT NULL AUTO_INCREMENT,
  `id_factura` int(10) NOT NULL,
  `id_transaccion` int(10) NOT NULL,
  PRIMARY KEY (`id`)
) ENGINE=MyISAM  DEFAULT CHARSET=latin1 AUTO_INCREMENT=3 ;

--
-- Volcar la base de datos para la tabla `factura_transaccion`
--

INSERT INTO `factura_transaccion` (`id`, `id_factura`, `id_transaccion`) VALUES
(1, 1, 812),
(2, 1, 837);

-- --------------------------------------------------------

--
-- Estructura de tabla para la tabla `filial`
--

CREATE TABLE IF NOT EXISTS `filial` (
  `rut` varchar(15) NOT NULL,
  `razon` varchar(100) NOT NULL,
  `direccion` text NOT NULL,
  `comuna` varchar(100) NOT NULL,
  `ciudad` varchar(100) NOT NULL,
  `email` text NOT NULL,
  `telefono` varchar(20) NOT NULL,
  `sucursal` text NOT NULL,
  `giro` text NOT NULL,
  PRIMARY KEY (`rut`)
) ENGINE=MyISAM DEFAULT CHARSET=latin1;

--
-- Volcar la base de datos para la tabla `filial`
--

INSERT INTO `filial` (`rut`, `razon`, `direccion`, `comuna`, `ciudad`, `email`, `telefono`, `sucursal`, `giro`) VALUES
('76254347-8', 'HANWHA Q CELLS TIL TIL UNO SPA', 'AVDA. APOQUINDO 3910, PISO 5', 'LAS CONDES ', 'SANTIAGO', 'finanzaschile@q-cells.com', '+56 2 3223 4740', 'Ruta 5 Norte Km 62, Fundo Las Bateas Lote B1, Sector Montenegro, Comuna de Til Til', 'GENERACION EN OTRAS CENTRALES');

-- --------------------------------------------------------

--
-- Estructura de tabla para la tabla `folio`
--

CREATE TABLE IF NOT EXISTS `folio` (
  `id` int(10) NOT NULL,
  `desde` int(10) NOT NULL,
  `hasta` int(10) NOT NULL,
  `status` int(1) NOT NULL
) ENGINE=MyISAM DEFAULT CHARSET=latin1;

--
-- Volcar la base de datos para la tabla `folio`
--

INSERT INTO `folio` (`id`, `desde`, `hasta`, `status`) VALUES
(2, 1501, 2000, 1),
(1, 1001, 1500, 0);

-- --------------------------------------------------------

--
-- Estructura de tabla para la tabla `grupo_transaccion`
--

CREATE TABLE IF NOT EXISTS `grupo_transaccion` (
  `id` int(1) NOT NULL AUTO_INCREMENT,
  `descripcion` varchar(30) NOT NULL,
  PRIMARY KEY (`id`)
) ENGINE=MyISAM  DEFAULT CHARSET=latin1 AUTO_INCREMENT=6 ;

--
-- Volcar la base de datos para la tabla `grupo_transaccion`
--

INSERT INTO `grupo_transaccion` (`id`, `descripcion`) VALUES
(1, 'ENERGIA'),
(2, 'POTENCIA'),
(3, 'PEAJE'),
(4, 'OPERACION'),
(5, 'PRODUCTOS');

-- --------------------------------------------------------

--
-- Estructura de tabla para la tabla `iva`
--

CREATE TABLE IF NOT EXISTS `iva` (
  `id` int(1) NOT NULL AUTO_INCREMENT,
  `valor` decimal(3,2) NOT NULL,
  PRIMARY KEY (`id`)
) ENGINE=MyISAM  DEFAULT CHARSET=latin1 AUTO_INCREMENT=2 ;

--
-- Volcar la base de datos para la tabla `iva`
--

INSERT INTO `iva` (`id`, `valor`) VALUES
(1, '0.19');

-- --------------------------------------------------------

--
-- Estructura de tabla para la tabla `nivel_acceso`
--

CREATE TABLE IF NOT EXISTS `nivel_acceso` (
  `id` int(2) NOT NULL AUTO_INCREMENT,
  `descripcion` varchar(30) NOT NULL,
  PRIMARY KEY (`id`)
) ENGINE=MyISAM  DEFAULT CHARSET=latin1 AUTO_INCREMENT=3 ;

--
-- Volcar la base de datos para la tabla `nivel_acceso`
--

INSERT INTO `nivel_acceso` (`id`, `descripcion`) VALUES
(1, 'ADMINISTRADOR');

-- --------------------------------------------------------

--
-- Estructura de tabla para la tabla `pago`
--

CREATE TABLE IF NOT EXISTS `pago` (
  `id` int(10) NOT NULL AUTO_INCREMENT,
  `fecha` date NOT NULL,
  `id_empresa_transaccion` int(11) NOT NULL,
  `id_proceso_pago` int(11) NOT NULL,
  `monto` decimal(12,2) NOT NULL,
  `iva` decimal(12,2) NOT NULL,
  `total` decimal(12,2) NOT NULL,
  `id_periodo` varchar(10) NOT NULL,
  `factura_pagada` varchar(15) NOT NULL,
  PRIMARY KEY (`id`)
) ENGINE=MyISAM DEFAULT CHARSET=latin1 AUTO_INCREMENT=1 ;

--
-- Volcar la base de datos para la tabla `pago`
--


-- --------------------------------------------------------

--
-- Estructura de tabla para la tabla `periodo`
--

CREATE TABLE IF NOT EXISTS `periodo` (
  `id` varchar(7) NOT NULL,
  `descripcion` varchar(30) NOT NULL,
  `activo` int(1) NOT NULL,
  PRIMARY KEY (`id`)
) ENGINE=MyISAM DEFAULT CHARSET=latin1;

--
-- Volcar la base de datos para la tabla `periodo`
--

INSERT INTO `periodo` (`id`, `descripcion`, `activo`) VALUES
('2016-01', 'ENERO 2016', 0),
('2016-02', 'FEBRERO 2016', 0),
('2016-03', 'MARZO 2016', 0),
('2016-04', 'ABRIL 2016', 0),
('2016-05', 'MAYO 2016', 0),
('2016-06', 'JUNIO 2016', 0),
('2016-07', 'JULIO 2016', 0),
('2016-08', 'AGOSTO 2016', 0),
('2016-09', 'SEPTIEMBRE 2016', 0),
('2016-10', 'OCTUBRE 2016', 0),
('2016-11', 'NOVIEMBRE 2016', 0),
('2016-12', 'DICIEMBRE 2016', 0),
('2017-01', 'ENERO 2017', 0),
('2017-02', 'FEBRERO 2017', 0),
('2017-03', 'MARZO 2017', 0),
('2017-04', 'ABRIL 2017', 1);

-- --------------------------------------------------------

--
-- Estructura de tabla para la tabla `proceso_pago`
--

CREATE TABLE IF NOT EXISTS `proceso_pago` (
  `id` int(10) NOT NULL AUTO_INCREMENT,
  `descripcion` varchar(100) NOT NULL,
  `id_status` int(2) NOT NULL,
  `cuenta` varchar(40) NOT NULL,
  `fecha_ini` date NOT NULL,
  PRIMARY KEY (`id`)
) ENGINE=MyISAM DEFAULT CHARSET=latin1 AUTO_INCREMENT=1 ;

--
-- Volcar la base de datos para la tabla `proceso_pago`
--


-- --------------------------------------------------------

--
-- Estructura de tabla para la tabla `seguimiento_factura`
--

CREATE TABLE IF NOT EXISTS `seguimiento_factura` (
  `id` int(11) NOT NULL AUTO_INCREMENT,
  `id_factura` int(10) NOT NULL,
  `id_status_factura` int(2) NOT NULL,
  `fecha` date NOT NULL,
  PRIMARY KEY (`id`)
) ENGINE=MyISAM  DEFAULT CHARSET=latin1 AUTO_INCREMENT=10 ;

--
-- Volcar la base de datos para la tabla `seguimiento_factura`
--

INSERT INTO `seguimiento_factura` (`id`, `id_factura`, `id_status_factura`, `fecha`) VALUES
(1, 1502, 1, '2017-05-25'),
(2, 1503, 1, '2017-05-25'),
(3, 1502, 3, '2017-05-25'),
(4, 1502, 4, '2017-05-25'),
(5, 1503, 3, '2017-05-25'),
(6, 1504, 1, '2017-05-25'),
(7, 1504, 5, '2017-05-25'),
(8, 1505, 1, '2017-05-25'),
(9, 1506, 1, '2017-05-25');

-- --------------------------------------------------------

--
-- Estructura de tabla para la tabla `status_factura`
--

CREATE TABLE IF NOT EXISTS `status_factura` (
  `id` int(2) NOT NULL AUTO_INCREMENT,
  `descripcion` varchar(30) NOT NULL,
  PRIMARY KEY (`id`)
) ENGINE=MyISAM  DEFAULT CHARSET=latin1 AUTO_INCREMENT=7 ;

--
-- Volcar la base de datos para la tabla `status_factura`
--

INSERT INTO `status_factura` (`id`, `descripcion`) VALUES
(1, 'ENVIADA'),
(2, 'RECIBIDO NOK'),
(3, 'RECIBIDO OK'),
(4, 'PAGADA'),
(5, 'RECHAZADA');

-- --------------------------------------------------------

--
-- Estructura de tabla para la tabla `status_pago`
--

CREATE TABLE IF NOT EXISTS `status_pago` (
  `id` int(2) NOT NULL AUTO_INCREMENT,
  `descripcion` varchar(30) NOT NULL,
  PRIMARY KEY (`id`)
) ENGINE=MyISAM  DEFAULT CHARSET=latin1 AUTO_INCREMENT=4 ;

--
-- Volcar la base de datos para la tabla `status_pago`
--

INSERT INTO `status_pago` (`id`, `descripcion`) VALUES
(2, 'CERRADO'),
(1, 'ABIERTO');

-- --------------------------------------------------------

--
-- Estructura de tabla para la tabla `tipo_documento`
--

CREATE TABLE IF NOT EXISTS `tipo_documento` (
  `id` int(2) NOT NULL,
  `nombre` varchar(60) NOT NULL,
  PRIMARY KEY (`id`)
) ENGINE=MyISAM DEFAULT CHARSET=latin1;

--
-- Volcar la base de datos para la tabla `tipo_documento`
--

INSERT INTO `tipo_documento` (`id`, `nombre`) VALUES
(29, 'FACTURA DE INICIO'),
(30, 'FACTURA'),
(32, 'FACTURA DE VENTAS Y SERVICIOS NO AFECTOS O EXENTOS DE IVA'),
(33, 'FACTURA ELECTRONICA'),
(34, 'FACTURA NO AFECTO O EXENTA ELECTRONICA'),
(40, 'LIQUIDACION FACTURA'),
(43, 'LIQUIDACION FACTURA ELECTRONICA'),
(45, 'FACTURA DE COMPRA'),
(46, 'FACTURA DE COMPRA ELECTRONICA'),
(55, 'NOTA DE DEBITO'),
(56, 'NOTA DE DEBITO ELECTRONICA'),
(60, 'NOTA DE CREDITO'),
(61, 'NOTA DE CREDITO ELECTRONICA'),
(101, 'FACTURA DE EXPORTACION'),
(110, 'FACTURA DE EXPORTACION ELECTRONICA');

-- --------------------------------------------------------

--
-- Estructura de tabla para la tabla `tipo_transaccion`
--

CREATE TABLE IF NOT EXISTS `tipo_transaccion` (
  `id` int(2) NOT NULL,
  `descripcion` varchar(100) NOT NULL,
  `id_grupo_transaccion` int(2) NOT NULL,
  PRIMARY KEY (`id`)
) ENGINE=MyISAM DEFAULT CHARSET=latin1;

--
-- Volcar la base de datos para la tabla `tipo_transaccion`
--

INSERT INTO `tipo_transaccion` (`id`, `descripcion`, `id_grupo_transaccion`) VALUES
(1, 'ENERGIA', 1),
(2, 'POTENCIA', 2),
(3, 'REACTIVOS DISTRIBUIDORAS', 1),
(4, 'POTENCIA DISTRIBUIDORAS', 2),
(5, 'SUBTRANSMICION DISTRIBUIDORA', 3),
(6, 'ENERGIA DISTRIBUIDORA', 1),
(20, 'LIQUIDACION DE INGRESOS TARIFARIOS', 3),
(21, 'SUBTRANSMICION ADICIONAL', 3),
(22, 'SUBTRANSMICION', 3),
(23, 'RELIQUIDACION DE INGRESOS TARIFARIOS', 3),
(24, 'RECAUDACION DE INGRESOS TARIFARIOS', 1),
(25, 'SERVICIOS COMPLEMENTARIOS', 1),
(26, 'PRESUPUESTO', 4),
(27, 'REGULACION FRECUENCIA', 1),
(28, 'POTENCIA(-)', 2),
(29, 'REGULACION DE FRECUENCIA', 1),
(7, 'CAJON', 5),
(8, 'RELLENO', 5),
(9, 'PINTURA BMW', 5);

-- --------------------------------------------------------

--
-- Estructura de tabla para la tabla `usuario`
--

CREATE TABLE IF NOT EXISTS `usuario` (
  `indicador` varchar(20) NOT NULL,
  `password` varchar(15) NOT NULL,
  `nombre` varchar(20) NOT NULL,
  `apellido` varchar(20) NOT NULL,
  `email` text NOT NULL,
  `id_nivel_acceso` int(2) NOT NULL,
  `rut_filial` varchar(15) NOT NULL,
  `status` int(1) NOT NULL,
  PRIMARY KEY (`indicador`)
) ENGINE=MyISAM DEFAULT CHARSET=latin1;

--
-- Volcar la base de datos para la tabla `usuario`
--

INSERT INTO `usuario` (`indicador`, `password`, `nombre`, `apellido`, `email`, `id_nivel_acceso`, `rut_filial`, `status`) VALUES
('LUIS.REQUENA', '18594LCRA*', 'LUIS', 'REQUENA', 'REQUENALC@GMAIL.COM', 1, '76254347-8', 1),
('CATALINA.CUBILLOS', '1923', 'CATALINA', 'CUBILLOS', 'CATA.CO@GMAIL.COM', 1, '76254347-8', 0);
